{"type":"FeatureCollection","features":[{"type":"Feature","properties":{"kind":"wetland"},"geometry":{"type":"Polygon","coordinates":[[[72.79227,19.19905],[72.792,19.19913],[72.7916,19.19979],[72.79124,19.20105],[72.79069,19.20228],[72.79021,19.2026],[72.78967,19.20271],[72.78913,19.2027],[72.78857,19.20233],[72.78793,19.20233],[72.78806,19.20362],[72.78749,19.20531],[72.78677,19.20667],[72.78609,19.20704],[72.78581,19.20743],[72.78662,19.20769],[72.78688,19.20847],[72.78716,19.20834],[72.7877,19.20835],[72.78877,19.20901],[72.78919,19.20824],[72.7892,19.20772],[72.78893,19.20746],[72.7888,19.20695],[72.7915,19.20801],[72.79178,19.20724],[72.7934,19.20765],[72.79421,19.20766],[72.79448,19.20792],[72.79583,19.20832],[72.79581,19.20935],[72.79636,19.20935],[72.79635,19.20987],[72.79689,19.20988],[72.797,19.21219],[72.79672,19.21245],[72.79671,19.21296],[72.79685,19.21322],[72.79631,19.21322],[72.79709,19.21554],[72.7979,19.21555],[72.79815,19.2171],[72.79896,19.21737],[72.79895,19.21814],[72.79759,19.21825],[72.79732,19.2185],[72.79705,19.2185],[72.79651,19.21824],[72.79461,19.21834],[72.79433,19.21937],[72.79487,19.21938],[72.79486,19.21989],[72.7935,19.22],[72.7927,19.21948],[72.79161,19.21947],[72.78998,19.21996],[72.78916,19.22072],[72.78862,19.22085],[72.78847,19.22162],[72.78833,19.22174],[72.78752,19.22186],[72.78699,19.22057],[72.78591,19.22043],[72.78577,19.22055],[72.78577,19.22107],[72.78563,19.22119],[72.78509,19.22106],[72.78479,19.22312],[72.78344,19.2231],[72.78357,19.22336],[72.78356,19.22413],[72.78315,19.22464],[72.78423,19.22491],[72.78434,19.22671],[72.78406,19.22697],[72.78392,19.22748],[72.78311,19.2276],[72.78283,19.22798],[72.78364,19.22799],[72.78364,19.22851],[72.78472,19.22826],[72.78538,19.22982],[72.78523,19.23084],[72.78686,19.23086],[72.78714,19.22984],[72.78768,19.22971],[72.78822,19.23024],[72.79093,19.23014],[72.79132,19.23143],[72.79118,19.23195],[72.79172,19.23208],[72.79199,19.23195],[72.7921,19.23402],[72.79154,19.23504],[72.79086,19.23542],[72.78896,19.23539],[72.78883,19.23552],[72.78868,19.23603],[72.78923,19.23578],[72.78922,19.23655],[72.78949,19.23669],[72.79084,19.23683],[72.79083,19.2376],[72.79029,19.23773],[72.79001,19.23798],[72.7892,19.2381],[72.78919,19.23836],[72.79001,19.23837],[72.78932,19.23939],[72.78916,19.24093],[72.78862,19.24092],[72.78861,19.24118],[72.79027,19.24137],[72.79122,19.24118],[72.7916,19.24096],[72.79537,19.24096],[72.79757,19.24052],[72.79774,19.24067],[72.79837,19.24079],[72.79957,19.24082],[72.79947,19.24028],[72.80055,19.24004],[72.80082,19.24081],[72.80096,19.24085],[72.80143,19.24052],[72.80167,19.2402],[72.80213,19.23911],[72.80265,19.23888],[72.80228,19.23609],[72.80115,19.23593],[72.80129,19.23541],[72.80117,19.23464],[72.80198,19.23465],[72.80212,19.23414],[72.80295,19.23312],[72.80309,19.2326],[72.80363,19.23261],[72.80377,19.23235],[72.80381,19.22978],[72.80354,19.22952],[72.80342,19.22849],[72.80362,19.22678],[72.80317,19.22668],[72.80346,19.2254],[72.804,19.22541],[72.80414,19.22515],[72.8039,19.22283],[72.80431,19.22284],[72.80485,19.2231],[72.80485,19.22259],[72.80512,19.22259],[72.80565,19.22337],[72.80511,19.22336],[72.80455,19.22464],[72.80564,19.2244],[72.80536,19.22491],[72.80645,19.22492],[72.80644,19.22544],[72.80698,19.22557],[72.80779,19.22551],[72.808,19.22519],[72.80566,19.22212],[72.805,19.22088],[72.80478,19.22088],[72.80317,19.22204],[72.80081,19.22266],[72.8008,19.22282],[72.80013,19.22288],[72.79977,19.22323],[72.79822,19.22385],[72.79793,19.22418],[72.79769,19.22479],[72.79763,19.22597],[72.79746,19.22595],[72.79753,19.22485],[72.79764,19.22423],[72.79784,19.2239],[72.79693,19.22413],[72.79526,19.22415],[72.79489,19.22426],[72.79432,19.22491],[72.79419,19.22544],[72.79494,19.22777],[72.79511,19.22885],[72.79502,19.22959],[72.79456,19.23089],[72.79436,19.23113],[72.79423,19.23178],[72.79436,19.23222],[72.79485,19.23287],[72.79527,19.23316],[72.79621,19.23343],[72.79661,19.23393],[72.79642,19.23402],[72.79603,19.23364],[72.79476,19.233],[72.79419,19.23225],[72.79411,19.23186],[72.79406,19.23249],[72.79389,19.23235],[72.79402,19.23129],[72.79467,19.22894],[72.79451,19.22781],[72.79427,19.22734],[72.79409,19.22724],[72.79293,19.2274],[72.79391,19.227],[72.79393,19.22661],[72.79364,19.22588],[72.79364,19.22535],[72.79376,19.22483],[72.79426,19.22402],[72.79161,19.22377],[72.79003,19.22421],[72.78935,19.22479],[72.7893,19.22461],[72.7899,19.22408],[72.79045,19.22384],[72.79209,19.22351],[72.79278,19.22376],[72.7936,19.22384],[72.79743,19.22342],[72.80045,19.22161],[72.8023,19.22096],[72.80273,19.22068],[72.80359,19.21974],[72.80389,19.21906],[72.80402,19.2178],[72.8033,19.21644],[72.80254,19.21552],[72.80189,19.21537],[72.799,19.21224],[72.79593,19.20797],[72.79596,19.20745],[72.79579,19.20731],[72.79506,19.20728],[72.79443,19.20687],[72.79231,19.2045],[72.79191,19.20365],[72.7916,19.20234],[72.79183,19.20057],[72.79227,19.19905]]]}},{"type":"Feature","properties":{"kind":"wetland"},"geometry":{"type":"Polygon","coordinates":[[[72.84774,19.26892],[72.84758,19.26909],[72.8477,19.27041],[72.84832,19.2713],[72.84884,19.2713],[72.85082,19.27071],[72.8517,19.27067],[72.85224,19.27011],[72.8527,19.27009],[72.85323,19.27039],[72.85361,19.27113],[72.8537,19.27169],[72.85419,19.27257],[72.85449,19.27293],[72.85559,19.2737],[72.85697,19.27338],[72.85702,19.27362],[72.85804,19.27333],[72.85952,19.27217],[72.85952,19.27185],[72.8598,19.27176],[72.85991,19.27159],[72.86044,19.27152],[72.86018,19.27102],[72.85989,19.26978],[72.85962,19.26949],[72.86068,19.26885],[72.86101,19.26916],[72.8615,19.2706],[72.86195,19.27037],[72.86195,19.27088],[72.86303,19.2709],[72.86316,19.27116],[72.86518,19.27183],[72.86528,19.27317],[72.86518,19.27403],[72.86494,19.2746],[72.86496,19.27513],[72.86514,19.27556],[72.8655,19.27562],[72.8658,19.27592],[72.86569,19.27655],[72.86599,19.27669],[72.86629,19.27653],[72.86638,19.2762],[72.86599,19.27525],[72.86629,19.27385],[72.86567,19.27323],[72.86552,19.27244],[72.86722,19.27118],[72.86726,19.27086],[72.86913,19.2694],[72.8696,19.26857],[72.86962,19.26788],[72.86717,19.26847],[72.86687,19.26818],[72.86677,19.26741],[72.86696,19.26693],[72.86692,19.26654],[72.86664,19.26616],[72.8669,19.26588],[72.8669,19.26489],[72.86732,19.2647],[72.86627,19.26369],[72.86601,19.26397],[72.86518,19.26425],[72.86481,19.26385],[72.86468,19.26269],[72.8644,19.26183],[72.8637,19.26167],[72.86299,19.26169],[72.86294,19.26152],[72.8626,19.26151],[72.86264,19.26175],[72.86286,19.2619],[72.86364,19.26186],[72.86425,19.26202],[72.86453,19.26286],[72.86448,19.26317],[72.8643,19.26328],[72.86356,19.26343],[72.86277,19.26275],[72.86232,19.26259],[72.86202,19.26269],[72.86085,19.26389],[72.86051,19.26407],[72.8599,19.26338],[72.85992,19.26287],[72.85956,19.2624],[72.85908,19.26222],[72.85911,19.26152],[72.85937,19.26081],[72.85933,19.26039],[72.85808,19.26051],[72.85748,19.26041],[72.85621,19.26057],[72.85635,19.26152],[72.85507,19.2616],[72.85473,19.26186],[72.85433,19.2628],[72.85395,19.26425],[72.85401,19.26461],[72.85424,19.26476],[72.85438,19.26537],[72.85469,19.26556],[72.85472,19.26571],[72.85442,19.26622],[72.85445,19.26677],[72.85433,19.26709],[72.85385,19.26754],[72.85282,19.26817],[72.85205,19.26815],[72.85171,19.26831],[72.85113,19.26904],[72.85072,19.26984],[72.85012,19.2703],[72.84971,19.27039],[72.84907,19.27007],[72.84832,19.26916],[72.84774,19.26892]]]}},{"type":"Feature","properties":{"kind":"forest"},"geometry":{"type":"Polygon","coordinates":[[[72.90385,19.15166],[72.90406,19.15146],[72.90544,19.15259],[72.90606,19.15393],[72.90604,19.15479],[72.90588,19.15502],[72.90432,19.15502],[72.90354,19.15439],[72.90314,19.15369],[72.90305,19.15324],[72.90326,19.15284],[72.90359,19.15274],[72.90376,19.1524],[72.90385,19.15166]]]}},{"type":"Feature","properties":{"kind":"scrub"},"geometry":{"type":"Polygon","coordinates":[[[72.78163,19.13302],[72.78218,19.13286],[72.78255,19.13305],[72.78308,19.13305],[72.78326,19.13321],[72.78341,19.13339],[72.78348,19.13407],[72.78318,19.13457],[72.78209,19.13505],[72.78175,19.13506],[72.78144,19.13485],[72.78101,19.13418],[72.78102,19.13392],[72.78132,19.13368],[72.78163,19.13302]]]}},{"type":"Feature","properties":{"kind":"wetland"},"geometry":{"type":"Polygon","coordinates":[[[72.8397,19.3124],[72.83502,19.31062],[72.83605,19.30351],[72.83644,19.29961],[72.83863,19.29968],[72.83962,19.29924],[72.84176,19.29924],[72.84232,19.29997],[72.84269,19.3008],[72.84494,19.30193],[72.84517,19.30245],[72.84497,19.30312],[72.8466,19.30497],[72.84667,19.30599],[72.84545,19.30677],[72.84442,19.30629],[72.84388,19.30549],[72.84338,19.30518],[72.84335,19.3076],[72.84164,19.31017],[72.8397,19.3124]]]}},{"type":"Feature","properties":{"kind":"wetland"},"geometry":{"type":"Polygon","coordinates":[[[72.82761,19.29921],[72.82717,19.30195],[72.8267,19.3026],[72.82651,19.30416],[72.82668,19.30441],[72.82963,19.3057],[72.83441,19.30574],[72.83429,19.30711],[72.83406,19.30745],[72.83379,19.30836],[72.8332,19.30923],[72.83182,19.30909],[72.82905,19.30912],[72.8289,19.30972],[72.82709,19.30898],[72.82496,19.30781],[72.82359,19.30682],[72.82173,19.30516],[72.82049,19.30448],[72.81755,19.3015],[72.81683,19.30023],[72.81812,19.29829],[72.81955,19.29726],[72.82428,19.29879],[72.82761,19.29921]]]}},{"type":"Feature","properties":{"kind":"wetland"},"geometry":{"type":"Polygon","coordinates":[[[72.83524,19.29949],[72.83533,19.29994],[72.83498,19.3005],[72.83469,19.30168],[72.83498,19.30226],[72.83445,19.3048],[72.83077,19.30532],[72.82989,19.30524],[72.82895,19.30487],[72.82733,19.30392],[72.82808,19.30066],[72.82855,19.29949],[72.82947,19.29974],[72.83182,19.29985],[72.83341,19.29957],[72.83524,19.29949]]]}},{"type":"Feature","properties":{"kind":"wetland"},"geometry":{"type":"Polygon","coordinates":[[[72.84657,19.3077],[72.84837,19.31556],[72.84721,19.31576],[72.84168,19.31451],[72.84176,19.31281],[72.84241,19.31123],[72.84378,19.30936],[72.84458,19.30892],[72.84524,19.30819],[72.84657,19.3077]]]}},{"type":"Feature","properties":{"kind":"wetland"},"geometry":{"type":"Polygon","coordinates":[[[72.79103,19.16205],[72.79156,19.16281],[72.79122,19.16342],[72.79336,19.16354],[72.79471,19.16394],[72.79529,19.16435],[72.79559,19.16496],[72.79589,19.16669],[72.79664,19.16769],[72.79855,19.16564],[72.79929,19.16517],[72.79981,19.1644],[72.80023,19.16427],[72.80034,19.16308],[72.8009,19.16232],[72.80172,19.16156],[72.80173,19.16078],[72.80229,19.15899],[72.80312,19.15797],[72.80328,19.15591],[72.80383,19.15592],[72.80411,19.15515],[72.80681,19.15544],[72.8068,19.15595],[72.80842,19.15636],[72.81085,19.15763],[72.81044,19.15724],[72.80751,19.1555],[72.80678,19.15492],[72.80532,19.15326],[72.80471,19.15208],[72.80409,19.15037],[72.80385,19.15026],[72.80363,19.15033],[72.80271,19.15146],[72.80138,19.15275],[72.80082,19.15305],[72.80042,19.1536],[72.80067,19.15422],[72.80031,19.1538],[72.80005,19.15404],[72.79869,19.15676],[72.79875,19.15726],[72.79864,19.15733],[72.79843,19.15711],[72.79701,19.15843],[72.79698,19.15891],[72.79771,19.15947],[72.79824,19.15966],[72.79818,19.15977],[72.79837,19.16011],[72.79901,19.16058],[72.79894,19.16118],[72.79909,19.16155],[72.79941,19.16169],[72.79963,19.16141],[72.79989,19.16136],[72.79959,19.16168],[72.79955,19.16192],[72.79904,19.1617],[72.79883,19.16146],[72.79885,19.16081],[72.79867,19.1605],[72.79828,19.16062],[72.79759,19.16126],[72.79783,19.16151],[72.79819,19.16158],[72.79817,19.16185],[72.79843,19.16195],[72.79862,19.16223],[72.79843,19.16349],[72.79822,19.16363],[72.79836,19.16373],[72.7982,19.16373],[72.79818,19.1639],[72.79784,19.16418],[72.79802,19.16452],[72.79796,19.16481],[72.79769,19.16413],[72.79792,19.16398],[72.79802,19.16363],[72.79828,19.16333],[72.79837,19.16292],[72.7982,19.16287],[72.79837,19.16282],[72.79842,19.16231],[72.7981,19.16216],[72.79796,19.16178],[72.79753,19.16165],[72.79742,19.1614],[72.79758,19.16099],[72.79822,19.1604],[72.79788,19.16014],[72.79757,19.16016],[72.79743,19.16043],[72.79715,19.15951],[72.79673,19.15949],[72.79657,19.15981],[72.7966,19.15939],[72.79645,19.15917],[72.79655,19.15896],[72.7956,19.15913],[72.7953,19.15952],[72.79512,19.15956],[72.79486,19.15933],[72.79441,19.15939],[72.79372,19.16012],[72.79367,19.1605],[72.79378,19.16073],[72.79407,19.16101],[72.79447,19.16087],[72.79479,19.16101],[72.79497,19.16152],[72.79521,19.16159],[72.79539,19.16185],[72.79494,19.16169],[72.79464,19.16108],[72.79445,19.161],[72.79414,19.16119],[72.79369,19.16085],[72.79326,19.16113],[72.79228,19.16148],[72.79207,19.16223],[72.79214,19.16151],[72.79163,19.16052],[72.79147,19.16042],[72.79055,19.16025],[72.79046,19.16066],[72.78961,19.16089],[72.78966,19.16073],[72.79006,19.16072],[72.79033,19.16051],[72.7905,19.16012],[72.79022,19.16004],[72.79048,19.15981],[72.79029,19.15973],[72.78908,19.15982],[72.78908,19.15973],[72.79046,19.15966],[72.79071,19.16006],[72.79174,19.16042],[72.79213,19.16115],[72.79234,19.16122],[72.79321,19.1609],[72.79337,19.16073],[72.79344,19.1601],[72.79326,19.15978],[72.79204,19.15991],[72.79292,19.1597],[72.79332,19.15972],[72.79354,19.15989],[72.79385,19.15938],[72.79416,19.15913],[72.79629,19.15853],[72.79769,19.15705],[72.79761,19.15691],[72.79655,19.15711],[72.796,19.15736],[72.79495,19.15749],[72.79371,19.15646],[72.79272,19.15634],[72.79239,19.15664],[72.79194,19.15657],[72.79177,19.1567],[72.7919,19.15646],[72.7918,19.15625],[72.79224,19.15655],[72.79265,19.15622],[72.79363,19.15627],[72.79398,19.15637],[72.79464,19.15685],[72.79548,19.15717],[72.79578,19.15707],[72.79584,19.15694],[72.79562,19.15665],[72.79604,19.15699],[72.79764,19.15651],[72.79797,19.15612],[72.79855,19.15501],[72.79887,19.15397],[72.79816,19.15386],[72.79763,19.15315],[72.7967,19.15308],[72.79613,19.15285],[72.79604,19.15277],[72.79619,19.15275],[72.79538,19.15207],[72.79567,19.15213],[72.79592,19.1524],[72.79687,19.15289],[72.79762,19.15299],[72.79825,19.15368],[72.79875,19.15374],[72.80083,19.15131],[72.80214,19.15],[72.80245,19.14931],[72.80256,19.14708],[72.80276,19.14716],[72.80293,19.14704],[72.80277,19.14688],[72.80251,19.14694],[72.80265,19.14663],[72.80251,19.14561],[72.80205,19.14754],[72.80085,19.14731],[72.80039,19.14761],[72.7998,19.14747],[72.80016,19.14869],[72.79984,19.14886],[72.80037,19.14967],[72.80016,19.1498],[72.79985,19.14963],[72.80004,19.14942],[72.7992,19.14842],[72.79902,19.14796],[72.79843,19.14804],[72.79828,19.14836],[72.7986,19.14924],[72.79858,19.15025],[72.79943,19.15067],[72.79885,19.15191],[72.79838,19.15205],[72.79823,19.15231],[72.79662,19.15194],[72.79662,19.15244],[72.79614,19.1522],[72.7956,19.15155],[72.7944,19.15143],[72.79414,19.15104],[72.79333,19.15051],[72.79198,19.15024],[72.79157,19.15062],[72.79126,19.15345],[72.79139,19.15397],[72.79193,19.15397],[72.79193,19.15423],[72.79139,19.15422],[72.79124,19.15474],[72.7907,19.15525],[72.79037,19.1558],[72.79071,19.15597],[72.79,19.15678],[72.78959,19.15752],[72.78868,19.15849],[72.78826,19.15841],[72.78745,19.1598],[72.78747,19.16077],[72.78702,19.1616],[72.78852,19.16222],[72.78923,19.16168],[72.79105,19.16171],[72.79103,19.16205]]]}},{"type":"Feature","properties":{"kind":"forest"},"geometry":{"type":"Polygon","coordinates":[[[72.91153,19.29096],[72.90811,19.29545],[72.90646,19.30078],[72.90253,19.30646],[72.90062,19.31185],[72.90018,19.31645],[72.89872,19.31962],[72.89873,19.32192],[72.8962,19.32468],[72.89663,19.33213],[72.89619,19.33494],[72.89428,19.33942],[72.89375,19.34295],[72.89682,19.34236],[72.90027,19.33584],[72.90456,19.33361],[72.90793,19.33102],[72.9096,19.32862],[72.9103,19.3289],[72.90881,19.33405],[72.90798,19.34074],[72.91026,19.3423],[72.91039,19.34511],[72.91248,19.34487],[72.91381,19.34128],[72.91641,19.33655],[72.92218,19.33338],[72.92332,19.3289],[72.92611,19.3236],[72.9278,19.32485],[72.92896,19.32979],[72.92998,19.33003],[72.93283,19.32764],[72.93492,19.32345],[72.9372,19.31639],[72.93822,19.3085],[72.94088,19.30574],[72.94126,19.30215],[72.93967,19.30163],[72.93651,19.2991],[72.93625,19.29641],[72.93727,19.29162],[72.93657,19.29031],[72.93359,19.28995],[72.93125,19.2909],[72.93093,19.2939],[72.92846,19.29473],[72.92579,19.29234],[72.91983,19.29228],[72.91711,19.29156],[72.91584,19.29066],[72.91153,19.29096]]]}},{"type":"Feature","properties":{"kind":"wetland"},"geometry":{"type":"Polygon","coordinates":[[[72.87238,19.30694],[72.87296,19.30769],[72.87566,19.30582],[72.87519,19.30514],[72.87238,19.30694]]]}},{"type":"Feature","properties":{"kind":"wetland"},"geometry":{"type":"Polygon","coordinates":[[[72.87659,19.30323],[72.87719,19.30398],[72.87584,19.30487],[72.87526,19.30412],[72.87659,19.30323]]]}},{"type":"Feature","properties":{"kind":"wetland"},"geometry":{"type":"Polygon","coordinates":[[[72.86241,19.32554],[72.86336,19.32497],[72.86443,19.32455],[72.86639,19.32387],[72.86667,19.32399],[72.86622,19.32504],[72.86562,19.32536],[72.8652,19.32539],[72.86465,19.32569],[72.86434,19.32574],[72.86416,19.32558],[72.86399,19.32572],[72.86278,19.32594],[72.86232,19.32584],[72.86241,19.32554]]]}},{"type":"Feature","properties":{"kind":"wetland"},"geometry":{"type":"Polygon","coordinates":[[[72.85704,19.32526],[72.85623,19.32494],[72.85649,19.32433],[72.8569,19.32418],[72.85689,19.32384],[72.86139,19.32178],[72.86464,19.32119],[72.86481,19.32131],[72.86475,19.32152],[72.86372,19.32235],[72.85995,19.32461],[72.85836,19.32525],[72.85704,19.32526]]]}},{"type":"Feature","properties":{"kind":"forest"},"geometry":{"type":"Polygon","coordinates":[[[72.83425,19.12388],[72.83424,19.12358],[72.83439,19.12344],[72.83557,19.12342],[72.83558,19.12385],[72.83425,19.12388]]]}},{"type":"Feature","properties":{"kind":"forest"},"geometry":{"type":"Polygon","coordinates":[[[72.79518,19.29016],[72.79692,19.29063],[72.79647,19.29229],[72.79662,19.29339],[72.7958,19.29371],[72.79569,19.2949],[72.79385,19.29334],[72.79241,19.29575],[72.7926,19.29657],[72.79331,19.29752],[72.79432,19.2981],[72.79402,19.30177],[72.79447,19.30325],[72.79396,19.30519],[72.79325,19.30586],[72.79263,19.30704],[72.792,19.30765],[72.79072,19.30673],[72.79057,19.30586],[72.79012,19.30459],[72.78911,19.30266],[72.78821,19.30145],[72.78776,19.30017],[72.78735,19.29796],[72.78975,19.29474],[72.79112,19.29183],[72.79109,19.28973],[72.79146,19.28953],[72.79224,19.28852],[72.79331,19.28852],[72.79447,19.28986],[72.79518,19.29016]]]}},{"type":"Feature","properties":{"kind":"wetland"},"geometry":{"type":"Polygon","coordinates":[[[72.85058,19.31851],[72.8454,19.31894],[72.84229,19.31862],[72.84041,19.31792],[72.83601,19.31532],[72.83402,19.31451],[72.83405,19.31425],[72.83378,19.31419],[72.83357,19.31437],[72.83317,19.31415],[72.83321,19.31387],[72.83307,19.3138],[72.83261,19.31389],[72.83031,19.31311],[72.82959,19.31274],[72.82965,19.31244],[72.82781,19.31168],[72.82689,19.31111],[72.82397,19.30858],[72.82028,19.30621],[72.81875,19.30535],[72.81795,19.30504],[72.81726,19.30448],[72.81664,19.30358],[72.81627,19.3035],[72.8159,19.30365],[72.81569,19.304],[72.8155,19.30404],[72.81573,19.30289],[72.81547,19.30276],[72.81501,19.30295],[72.81233,19.30282],[72.81076,19.30309],[72.81055,19.30232],[72.81,19.30216],[72.80983,19.30276],[72.80968,19.3029],[72.8094,19.3029],[72.80927,19.30258],[72.80864,19.30266],[72.80854,19.30295],[72.80772,19.30348],[72.80347,19.30389],[72.80301,19.30358],[72.80253,19.30361],[72.80232,19.30387],[72.79819,19.30546],[72.79766,19.30545],[72.79724,19.30562],[72.79706,19.30589],[72.79673,19.30609],[72.79582,19.30636],[72.79485,19.30599],[72.79483,19.30359],[72.79506,19.30278],[72.79623,19.30205],[72.79667,19.30133],[72.79749,19.30081],[72.79786,19.30098],[72.79863,19.30084],[72.79897,19.30173],[72.80062,19.30183],[72.8006,19.30079],[72.80374,19.30074],[72.80365,19.30027],[72.80651,19.30002],[72.80705,19.29849],[72.80757,19.29769],[72.80826,19.29738],[72.80826,19.29683],[72.80699,19.29558],[72.80619,19.29587],[72.80575,19.29584],[72.80558,19.29548],[72.80657,19.29523],[72.80652,19.2945],[72.80714,19.29306],[72.80859,19.29224],[72.80914,19.29095],[72.81013,19.29121],[72.80888,19.29274],[72.80781,19.29544],[72.80811,19.29566],[72.80913,19.29567],[72.81004,19.29606],[72.80959,19.29872],[72.81118,19.29915],[72.81178,19.2968],[72.81196,19.29657],[72.8136,19.29748],[72.81517,19.29773],[72.81529,19.29716],[72.81615,19.29635],[72.81901,19.2974],[72.81962,19.29681],[72.82013,19.29677],[72.82071,19.29728],[72.82049,19.29762],[72.81955,19.29726],[72.81812,19.29829],[72.81683,19.30023],[72.81755,19.3015],[72.82049,19.30448],[72.82173,19.30516],[72.82359,19.30682],[72.82496,19.30781],[72.82709,19.30898],[72.8289,19.30972],[72.82905,19.30912],[72.83182,19.30909],[72.8332,19.30923],[72.83379,19.30836],[72.83406,19.30745],[72.83429,19.30711],[72.83441,19.30574],[72.82963,19.3057],[72.82668,19.30441],[72.82651,19.30416],[72.82684,19.30251],[72.82757,19.30264],[72.82733,19.30392],[72.82895,19.30487],[72.82989,19.30524],[72.83077,19.30532],[72.83445,19.3048],[72.83498,19.30226],[72.83517,19.30236],[72.8355,19.30226],[72.83562,19.30274],[72.83518,19.30779],[72.83442,19.31309],[72.83736,19.31466],[72.83876,19.31516],[72.83875,19.31628],[72.84329,19.31797],[72.84497,19.3182],[72.84665,19.31814],[72.84894,19.3178],[72.84909,19.31718],[72.84885,19.31643],[72.8479,19.31666],[72.84782,19.31577],[72.84849,19.31562],[72.84686,19.30854],[72.84912,19.30808],[72.84933,19.30896],[72.85142,19.31213],[72.85168,19.31333],[72.85079,19.31381],[72.84912,19.31416],[72.84872,19.31434],[72.84892,19.31498],[72.84925,19.31544],[72.84961,19.31554],[72.84971,19.31638],[72.85044,19.31728],[72.85052,19.31748],[72.85035,19.31808],[72.85064,19.31814],[72.85058,19.31851]]]}},{"type":"Feature","properties":{"kind":"scrub"},"geometry":{"type":"Polygon","coordinates":[[[72.90802,19.10324],[72.90742,19.10253],[72.90714,19.10193],[72.90676,19.10175],[72.90641,19.10107],[72.90618,19.10173],[72.90634,19.10192],[72.90644,19.10132],[72.90696,19.10244],[72.90695,19.10276],[72.90727,19.10309],[72.90735,19.10345],[72.90771,19.10346],[72.90812,19.10576],[72.90855,19.10671],[72.90883,19.10774],[72.90845,19.10818],[72.90866,19.10884],[72.90859,19.10901],[72.90773,19.10899],[72.90749,19.1089],[72.9073,19.10858],[72.90712,19.10906],[72.90725,19.10951],[72.9066,19.10959],[72.90655,19.11],[72.90709,19.11014],[72.90766,19.10933],[72.90788,19.1093],[72.90808,19.10945],[72.90808,19.10966],[72.90791,19.10977],[72.90772,19.11027],[72.90842,19.11019],[72.9083,19.11039],[72.90888,19.11121],[72.90984,19.11126],[72.91071,19.11111],[72.91164,19.1113],[72.91227,19.11176],[72.91272,19.11186],[72.91346,19.11244],[72.91335,19.11291],[72.91391,19.11336],[72.91366,19.11419],[72.91412,19.11471],[72.91416,19.11503],[72.91382,19.11566],[72.91435,19.11629],[72.91495,19.11659],[72.91545,19.1157],[72.91556,19.11501],[72.91533,19.11353],[72.91504,19.11267],[72.9137,19.1107],[72.913,19.11074],[72.91256,19.1104],[72.91249,19.10995],[72.91007,19.10884],[72.90924,19.10809],[72.90821,19.1058],[72.90807,19.10449],[72.9078,19.1036],[72.90802,19.10324]]]}},{"type":"Feature","properties":{"kind":"scrub"},"geometry":{"type":"Polygon","coordinates":[[[72.91892,19.1107],[72.91846,19.11075],[72.91833,19.1143],[72.91846,19.11531],[72.91832,19.11667],[72.91909,19.11727],[72.91907,19.11777],[72.91935,19.11777],[72.91982,19.11749],[72.92025,19.11802],[72.92064,19.118],[72.92079,19.1185],[72.92137,19.11879],[72.92169,19.1197],[72.92203,19.12275],[72.92235,19.12269],[72.92263,19.11964],[72.9225,19.11869],[72.92225,19.11848],[72.92216,19.11633],[72.92332,19.11668],[72.92445,19.1172],[72.92528,19.11501],[72.92493,19.11502],[72.92482,19.1132],[72.92452,19.11291],[72.92494,19.112],[72.92477,19.1112],[72.92445,19.11059],[72.92412,19.11051],[72.92375,19.11019],[72.92384,19.11057],[72.92452,19.11137],[72.92439,19.11204],[72.92412,19.11184],[72.92393,19.11125],[72.92333,19.11089],[72.92352,19.11118],[72.92342,19.11144],[72.92323,19.11151],[72.9228,19.11134],[72.92268,19.11146],[72.92271,19.11182],[72.92308,19.11225],[72.92387,19.11239],[72.92391,19.11338],[72.92307,19.11576],[72.92251,19.11561],[72.92202,19.11469],[72.92218,19.11373],[72.92163,19.11383],[72.9208,19.11253],[72.92058,19.11251],[72.91928,19.11073],[72.91892,19.1107]]]}},{"type":"Feature","properties":{"kind":"wetland"},"geometry":{"type":"Polygon","coordinates":[[[72.85231,19.16778],[72.8525,19.16687],[72.85286,19.16692],[72.85273,19.16795],[72.85251,19.16799],[72.85231,19.16778]]]}},{"type":"Feature","properties":{"kind":"farmland"},"geometry":{"type":"Polygon","coordinates":[[[72.79436,19.3013],[72.79524,19.30068],[72.79574,19.29976],[72.79711,19.29897],[72.79747,19.29857],[72.79911,19.29523],[72.80016,19.29385],[72.79999,19.29345],[72.7985,19.29221],[72.7982,19.29154],[72.7976,19.29081],[72.79715,19.291],[72.79675,19.29235],[72.79606,19.29245],[72.7958,19.29264],[72.79597,19.29442],[72.79589,19.29513],[72.7955,19.29509],[72.79473,19.2942],[72.79406,19.29409],[72.79361,19.29438],[72.79344,19.29492],[72.79346,19.29541],[72.79393,19.29648],[72.79447,19.29827],[72.79451,19.29891],[72.79413,19.3007],[72.79436,19.3013]]]}},{"type":"Feature","properties":{"kind":"wetland"},"geometry":{"type":"Polygon","coordinates":[[[72.83438,19.12104],[72.83027,19.12084],[72.83018,19.11699],[72.83334,19.11684],[72.83356,19.11693],[72.83372,19.11731],[72.83375,19.11692],[72.83417,19.11685],[72.83457,19.11701],[72.83451,19.11732],[72.83388,19.11743],[72.83367,19.1178],[72.8325,19.11781],[72.83242,19.11816],[72.8334,19.11828],[72.83311,19.11867],[72.8327,19.11895],[72.83273,19.11917],[72.83379,19.11861],[72.8342,19.11883],[72.8341,19.11823],[72.83448,19.11833],[72.83459,19.11928],[72.83445,19.11954],[72.83465,19.12053],[72.83438,19.12104]]]}},{"type":"Feature","properties":{"kind":"wetland"},"geometry":{"type":"Polygon","coordinates":[[[72.82178,19.12124],[72.82097,19.12223],[72.82056,19.12231],[72.82025,19.1228],[72.81969,19.12291],[72.81946,19.12309],[72.81934,19.1234],[72.81888,19.12355],[72.8182,19.12418],[72.81784,19.1248],[72.81772,19.12527],[72.8178,19.12563],[72.81745,19.12579],[72.81707,19.12623],[72.817,19.12682],[72.81713,19.12714],[72.81809,19.12662],[72.819,19.12643],[72.8195,19.12645],[72.8196,19.12567],[72.81977,19.12567],[72.8199,19.12544],[72.82081,19.12592],[72.82218,19.1243],[72.82103,19.12345],[72.8219,19.12243],[72.82211,19.12246],[72.82285,19.12301],[72.82368,19.12195],[72.82284,19.12134],[72.82357,19.12043],[72.82454,19.1201],[72.82497,19.12033],[72.8253,19.11919],[72.82258,19.1201],[72.82178,19.12124]]]}},{"type":"Feature","properties":{"kind":"forest"},"geometry":{"type":"Polygon","coordinates":[[[72.82404,19.1487],[72.82352,19.14808],[72.82446,19.14795],[72.82547,19.14761],[72.8257,19.14759],[72.82589,19.14778],[72.82629,19.14758],[72.82558,19.14812],[72.82404,19.1487]]]}},{"type":"Feature","properties":{"kind":"wetland"},"geometry":{"type":"Polygon","coordinates":[[[72.79085,19.32125],[72.79059,19.32092],[72.79058,19.32061],[72.79111,19.31981],[72.79178,19.31934],[72.79359,19.31858],[72.7948,19.31857],[72.7967,19.31946],[72.79694,19.31984],[72.79687,19.32008],[72.79715,19.32034],[72.79782,19.32018],[72.79801,19.32043],[72.79783,19.32079],[72.79747,19.32107],[72.79705,19.3212],[72.79582,19.32115],[72.79458,19.32191],[72.79369,19.32225],[72.79085,19.32125]]]}},{"type":"Feature","properties":{"kind":"wetland"},"geometry":{"type":"Polygon","coordinates":[[[72.8368,19.17359],[72.83789,19.17368],[72.83798,19.17237],[72.83829,19.17197],[72.83863,19.17209],[72.83895,19.17178],[72.83911,19.17191],[72.83939,19.17185],[72.8395,19.17215],[72.83967,19.17178],[72.84015,19.17181],[72.8413,19.17139],[72.84137,19.171],[72.8412,19.17074],[72.84115,19.17034],[72.83654,19.17099],[72.83609,19.17175],[72.8368,19.17359]]]}},{"type":"Feature","properties":{"kind":"forest"},"geometry":{"type":"Polygon","coordinates":[[[72.81709,19.13438],[72.81805,19.1343],[72.81801,19.13472],[72.81781,19.13475],[72.81845,19.13628],[72.81887,19.13563],[72.81893,19.13368],[72.81721,19.13334],[72.81709,19.13438]]]}},{"type":"Feature","properties":{"kind":"farmland"},"geometry":{"type":"Polygon","coordinates":[[[72.81535,19.1403],[72.81612,19.14073],[72.81696,19.13953],[72.8161,19.13906],[72.81589,19.13944],[72.81604,19.13952],[72.81593,19.13966],[72.81613,19.13983],[72.81607,19.13994],[72.81556,19.13994],[72.81535,19.1403]]]}},{"type":"Feature","properties":{"kind":"scrub"},"geometry":{"type":"Polygon","coordinates":[[[72.81472,19.13706],[72.81541,19.13703],[72.81641,19.13767],[72.81665,19.13732],[72.81585,19.13691],[72.81568,19.137],[72.8147,19.13666],[72.81459,19.13702],[72.81472,19.13706]]]}},{"type":"Feature","properties":{"kind":"forest"},"geometry":{"type":"Polygon","coordinates":[[[72.82878,19.15331],[72.8295,19.15296],[72.82958,19.15276],[72.82951,19.15258],[72.82878,19.15263],[72.82869,19.15321],[72.82878,19.15331]]]}},{"type":"Feature","properties":{"kind":"wetland"},"geometry":{"type":"Polygon","coordinates":[[[72.82497,19.12033],[72.82563,19.1209],[72.82574,19.12077],[72.82613,19.12107],[72.82653,19.12061],[72.82556,19.11931],[72.8253,19.11919],[72.82497,19.12033]]]}},{"type":"Feature","properties":{"kind":"forest"},"geometry":{"type":"Polygon","coordinates":[[[72.79482,19.14867],[72.79484,19.14914],[72.79493,19.14927],[72.79521,19.14928],[72.79533,19.14969],[72.79589,19.14973],[72.79648,19.15004],[72.7963,19.15078],[72.79578,19.15081],[72.79486,19.15033],[72.79464,19.15034],[72.79331,19.14908],[72.79277,19.14785],[72.79199,19.14732],[72.79186,19.14711],[72.7918,19.14691],[72.79218,19.14675],[72.79226,19.14658],[72.79217,19.14594],[72.79226,19.14569],[72.79277,19.14536],[72.79398,19.14587],[72.79394,19.14624],[72.79403,19.14629],[72.79333,19.1472],[72.79345,19.14777],[72.79404,19.14854],[72.79482,19.14867]]]}},{"type":"Feature","properties":{"kind":"forest"},"geometry":{"type":"Polygon","coordinates":[[[72.79147,19.14484],[72.7926,19.14515],[72.7935,19.1456],[72.79417,19.14398],[72.79561,19.14296],[72.79526,19.14247],[72.79509,19.14271],[72.79442,19.14312],[72.79436,19.14331],[72.79422,19.14323],[72.79332,19.14394],[72.79147,19.14484]]]}},{"type":"Feature","properties":{"kind":"farmland"},"geometry":{"type":"Polygon","coordinates":[[[72.78647,19.15409],[72.78822,19.15501],[72.78851,19.15445],[72.78904,19.15389],[72.78841,19.15359],[72.78834,19.15314],[72.78818,19.15301],[72.78795,19.15323],[72.78777,19.1531],[72.78729,19.15344],[72.78737,19.15354],[72.78647,19.15409]]]}},{"type":"Feature","properties":{"kind":"wetland"},"geometry":{"type":"Polygon","coordinates":[[[72.79904,19.14101],[72.79906,19.14162],[72.79925,19.14196],[72.79919,19.14246],[72.799,19.14245],[72.79883,19.14265],[72.79646,19.14157],[72.79651,19.14087],[72.79706,19.14001],[72.79738,19.14082],[72.79753,19.14091],[72.798,19.14077],[72.79826,19.14052],[72.79844,19.14003],[72.79835,19.13977],[72.79854,19.13975],[72.79844,19.14042],[72.79851,19.14055],[72.79891,19.14069],[72.79904,19.14101]]]}},{"type":"Feature","properties":{"kind":"forest"},"geometry":{"type":"Polygon","coordinates":[[[72.79608,19.14265],[72.79645,19.14264],[72.79735,19.14298],[72.79761,19.14328],[72.79794,19.14298],[72.79791,19.14278],[72.79628,19.14203],[72.79569,19.14217],[72.79608,19.14265]]]}},{"type":"Feature","properties":{"kind":"forest"},"geometry":{"type":"Polygon","coordinates":[[[72.79581,19.14448],[72.79621,19.14328],[72.79674,19.14341],[72.79653,19.14384],[72.79679,19.1442],[72.79752,19.14324],[72.79733,19.14305],[72.79649,19.14272],[72.79607,19.14273],[72.79429,19.14397],[72.79581,19.14448]]]}},{"type":"Feature","properties":{"kind":"wetland"},"geometry":{"type":"Polygon","coordinates":[[[72.79958,19.14134],[72.79998,19.1411],[72.80004,19.14181],[72.80079,19.14271],[72.80069,19.14284],[72.80028,19.14289],[72.79996,19.14278],[72.79988,19.14299],[72.80017,19.14343],[72.80202,19.14446],[72.80015,19.14357],[72.79977,19.14295],[72.79934,19.14261],[72.79939,19.14203],[72.79976,19.14237],[72.79987,19.14233],[72.79977,19.14156],[72.79958,19.14134]]]}},{"type":"Feature","properties":{"kind":"farmland"},"geometry":{"type":"Polygon","coordinates":[[[72.83373,19.18092],[72.83458,19.181],[72.83452,19.18139],[72.83371,19.18122],[72.83373,19.18092]]]}},{"type":"Feature","properties":{"kind":"farmland"},"geometry":{"type":"Polygon","coordinates":[[[72.8173,19.13127],[72.81804,19.1314],[72.81816,19.1311],[72.81841,19.13113],[72.81845,19.13082],[72.81814,19.13065],[72.8174,19.13082],[72.8173,19.13127]]]}},{"type":"Feature","properties":{"kind":"forest"},"geometry":{"type":"Polygon","coordinates":[[[72.79421,19.13706],[72.79373,19.13789],[72.79376,19.13865],[72.79344,19.13903],[72.7923,19.13957],[72.79219,19.14073],[72.79254,19.14084],[72.79271,19.14053],[72.79357,19.14068],[72.79331,19.14109],[72.79342,19.14127],[72.79381,19.14136],[72.79403,19.1407],[72.79433,19.14025],[72.79434,19.13976],[72.79555,19.13881],[72.79568,19.138],[72.79544,19.13772],[72.79568,19.13677],[72.79634,19.1361],[72.79651,19.1357],[72.79635,19.13512],[72.79663,19.13429],[72.79662,19.13396],[72.79605,19.13452],[72.79576,19.13461],[72.79555,19.13445],[72.79547,19.13428],[72.79558,19.13372],[72.79516,19.13311],[72.79518,19.13198],[72.79502,19.1316],[72.79484,19.13153],[72.7944,19.13193],[72.79425,19.1326],[72.79296,19.13333],[72.79361,19.13453],[72.79385,19.13531],[72.79343,19.13618],[72.79356,19.13655],[72.79421,19.13706]]]}},{"type":"Feature","properties":{"kind":"forest"},"geometry":{"type":"Polygon","coordinates":[[[72.78845,19.13236],[72.78863,19.13253],[72.78893,19.13253],[72.78905,19.13288],[72.78928,19.13295],[72.78934,19.13099],[72.78892,19.13057],[72.78858,19.13077],[72.78845,19.13236]]]}},{"type":"Feature","properties":{"kind":"scrub"},"geometry":{"type":"Polygon","coordinates":[[[72.82869,19.15723],[72.8291,19.15709],[72.82887,19.15607],[72.82866,19.15574],[72.82833,19.15585],[72.82831,19.15607],[72.82869,19.15723]]]}},{"type":"Feature","properties":{"kind":"farmland"},"geometry":{"type":"Polygon","coordinates":[[[72.82302,19.12279],[72.82395,19.12354],[72.8244,19.12301],[72.82342,19.12228],[72.82302,19.12279]]]}},{"type":"Feature","properties":{"kind":"farmland"},"geometry":{"type":"Polygon","coordinates":[[[72.82724,19.14755],[72.82769,19.14671],[72.82806,19.14686],[72.82796,19.1471],[72.82826,19.14727],[72.82724,19.14755]]]}},{"type":"Feature","properties":{"kind":"farmland"},"geometry":{"type":"Polygon","coordinates":[[[72.83155,19.12245],[72.83257,19.12235],[72.83258,19.12263],[72.8329,19.1226],[72.83293,19.12176],[72.8322,19.12179],[72.83188,19.12201],[72.83156,19.12198],[72.83155,19.12245]]]}},{"type":"Feature","properties":{"kind":"forest"},"geometry":{"type":"Polygon","coordinates":[[[72.8431,19.10736],[72.84392,19.10766],[72.84415,19.10743],[72.84353,19.10684],[72.8431,19.10736]]]}},{"type":"Feature","properties":{"kind":"farmland"},"geometry":{"type":"Polygon","coordinates":[[[72.86587,19.14215],[72.86757,19.1452],[72.86769,19.14699],[72.86856,19.14829],[72.86942,19.14779],[72.86873,19.14657],[72.86947,19.14602],[72.86887,19.14527],[72.8689,19.14469],[72.86875,19.14451],[72.86775,19.14492],[72.86612,19.14205],[72.86587,19.14215]]]}},{"type":"Feature","properties":{"kind":"wetland"},"geometry":{"type":"Polygon","coordinates":[[[72.83805,19.18717],[72.83763,19.18626],[72.83724,19.18608],[72.83689,19.18563],[72.83618,19.18555],[72.83601,19.18657],[72.83805,19.18717]]]}},{"type":"Feature","properties":{"kind":"farmland"},"geometry":{"type":"Polygon","coordinates":[[[72.83389,19.18025],[72.83192,19.17936],[72.83227,19.17865],[72.83464,19.17878],[72.83389,19.18025]]]}},{"type":"Feature","properties":{"kind":"wetland"},"geometry":{"type":"Polygon","coordinates":[[[72.8193,19.20518],[72.81929,19.2047],[72.82122,19.20469],[72.82106,19.20497],[72.82106,19.20612],[72.8206,19.20679],[72.82027,19.20555],[72.8193,19.20518]]]}},{"type":"Feature","properties":{"kind":"wetland"},"geometry":{"type":"Polygon","coordinates":[[[72.83939,19.12996],[72.83971,19.12994],[72.84012,19.13018],[72.84045,19.13066],[72.84035,19.13088],[72.84059,19.1312],[72.84043,19.13143],[72.83958,19.13153],[72.83936,19.13145],[72.8392,19.13089],[72.83923,19.13032],[72.83908,19.13028],[72.83939,19.12996]]]}},{"type":"Feature","properties":{"kind":"forest"},"geometry":{"type":"Polygon","coordinates":[[[72.81903,19.13378],[72.81905,19.13289],[72.81933,19.13159],[72.82041,19.13126],[72.82043,19.13059],[72.82144,19.13042],[72.82108,19.13374],[72.81974,19.13368],[72.81903,19.13378]]]}},{"type":"Feature","properties":{"kind":"farmland"},"geometry":{"type":"Polygon","coordinates":[[[72.87756,19.28999],[72.87719,19.29132],[72.87704,19.29123],[72.87703,19.29052],[72.87738,19.2897],[72.87756,19.28999]]]}},{"type":"Feature","properties":{"kind":"forest"},"geometry":{"type":"Polygon","coordinates":[[[72.85492,19.25217],[72.85466,19.25255],[72.85471,19.25278],[72.85578,19.25281],[72.85578,19.25232],[72.8555,19.2523],[72.8554,19.25214],[72.85492,19.25217]]]}},{"type":"Feature","properties":{"kind":"farmland"},"geometry":{"type":"Polygon","coordinates":[[[72.83622,19.164],[72.83638,19.16465],[72.83681,19.16456],[72.83666,19.1639],[72.83622,19.164]]]}},{"type":"Feature","properties":{"kind":"wetland"},"geometry":{"type":"Polygon","coordinates":[[[72.81983,19.20349],[72.81899,19.20445],[72.81924,19.2047],[72.81924,19.20515],[72.81901,19.20485],[72.81847,19.20472],[72.81731,19.20482],[72.81702,19.20473],[72.81666,19.20433],[72.81684,19.20409],[72.81668,19.20407],[72.81663,19.20424],[72.81648,19.20413],[72.81662,19.20371],[72.81629,19.20357],[72.81614,19.203],[72.81682,19.2027],[72.81759,19.20196],[72.81976,19.20206],[72.81983,19.20349]]]}},{"type":"Feature","properties":{"kind":"forest"},"geometry":{"type":"Polygon","coordinates":[[[72.78496,19.15638],[72.78501,19.15529],[72.78518,19.15496],[72.78541,19.15465],[72.78584,19.15469],[72.78644,19.15414],[72.78826,19.15504],[72.78797,19.15556],[72.78668,19.15711],[72.78496,19.15638]]]}},{"type":"Feature","properties":{"kind":"forest"},"geometry":{"type":"Polygon","coordinates":[[[72.78412,19.15913],[72.78428,19.1591],[72.78427,19.15888],[72.78484,19.15876],[72.78608,19.15885],[72.78623,19.16128],[72.78597,19.16255],[72.78421,19.16232],[72.78448,19.1618],[72.78461,19.16069],[72.7845,19.15993],[72.78412,19.15913]]]}},{"type":"Feature","properties":{"kind":"forest"},"geometry":{"type":"Polygon","coordinates":[[[72.82674,19.09471],[72.82678,19.09427],[72.82723,19.09421],[72.82728,19.0938],[72.82762,19.09385],[72.82771,19.09368],[72.82822,19.09377],[72.82812,19.09403],[72.82821,19.09423],[72.82778,19.0943],[72.82773,19.09449],[72.82773,19.09463],[72.82816,19.09465],[72.82799,19.09489],[72.82791,19.09467],[72.82782,19.09492],[72.82773,19.09487],[72.8278,19.09477],[72.82674,19.09471]]]}},{"type":"Feature","properties":{"kind":"forest"},"geometry":{"type":"Polygon","coordinates":[[[72.90367,19.14867],[72.90394,19.14876],[72.90418,19.14866],[72.90431,19.14839],[72.90418,19.14777],[72.904,19.14757],[72.90368,19.1475],[72.90379,19.14826],[72.90367,19.14867]]]}},{"type":"Feature","properties":{"kind":"scrub"},"geometry":{"type":"Polygon","coordinates":[[[72.91076,19.16552],[72.91075,19.16512],[72.91088,19.16499],[72.91139,19.16488],[72.91155,19.16505],[72.9115,19.16523],[72.91105,19.16556],[72.91087,19.16562],[72.91076,19.16552]]]}},{"type":"Feature","properties":{"kind":"forest"},"geometry":{"type":"Polygon","coordinates":[[[72.91445,19.18988],[72.91484,19.18944],[72.9149,19.18855],[72.91481,19.18838],[72.91462,19.1884],[72.91442,19.18863],[72.91427,19.18923],[72.91423,19.18941],[72.91445,19.18988]]]}},{"type":"Feature","properties":{"kind":"forest"},"geometry":{"type":"Polygon","coordinates":[[[72.90704,19.28717],[72.9063,19.28711],[72.90634,19.28689],[72.90659,19.28673],[72.90646,19.28637],[72.9051,19.28596],[72.90474,19.28524],[72.90614,19.28346],[72.91052,19.27986],[72.91164,19.27805],[72.91151,19.27898],[72.90914,19.2822],[72.90908,19.28345],[72.90939,19.28478],[72.90924,19.28616],[72.90945,19.28709],[72.90932,19.28735],[72.90704,19.28717]]]}},{"type":"Feature","properties":{"kind":"wetland"},"geometry":{"type":"Polygon","coordinates":[[[72.84737,19.2691],[72.84709,19.26859],[72.84665,19.26822],[72.84473,19.26954],[72.8446,19.27042],[72.84515,19.27043],[72.84563,19.27507],[72.85101,19.27796],[72.85047,19.27796],[72.85005,19.27898],[72.85018,19.27976],[72.84719,19.28011],[72.84705,19.28023],[72.84594,19.28019],[72.84541,19.2804],[72.84554,19.28081],[72.847,19.28114],[72.8476,19.28109],[72.84861,19.2805],[72.85078,19.2804],[72.85063,19.28119],[72.85228,19.28175],[72.85275,19.28181],[72.8534,19.2816],[72.85382,19.28109],[72.85402,19.28005],[72.8533,19.27954],[72.85346,19.27722],[72.854,19.27723],[72.85387,19.27697],[72.85389,19.27517],[72.85376,19.27491],[72.85457,19.27517],[72.85481,19.27409],[72.85592,19.27388],[72.85552,19.27387],[72.85421,19.27292],[72.8535,19.27181],[72.85313,19.27065],[72.85279,19.27028],[72.85245,19.27031],[72.85174,19.27084],[72.85076,19.2709],[72.84902,19.27143],[72.84837,19.27149],[72.84834,19.27177],[72.8482,19.27174],[72.84823,19.27156],[72.84747,19.27066],[72.84735,19.27003],[72.84737,19.2691]]]}},{"type":"Feature","properties":{"kind":"wetland"},"geometry":{"type":"Polygon","coordinates":[[[72.85423,19.2622],[72.85412,19.26211],[72.85385,19.26225],[72.85316,19.26184],[72.85258,19.26243],[72.85292,19.26298],[72.85251,19.26378],[72.85205,19.26367],[72.851,19.26296],[72.85087,19.26317],[72.85058,19.26297],[72.85031,19.26298],[72.85053,19.26335],[72.85058,19.26393],[72.85044,19.26458],[72.85,19.26507],[72.8502,19.26579],[72.84724,19.26782],[72.84776,19.26845],[72.84906,19.26945],[72.8494,19.26993],[72.85025,19.26985],[72.85118,19.26843],[72.85157,19.26806],[72.85214,19.26782],[72.85318,19.26769],[72.85411,19.26697],[72.85416,19.26659],[72.85395,19.26617],[72.85372,19.2645],[72.85423,19.2622]]]}},{"type":"Feature","properties":{"kind":"wetland"},"geometry":{"type":"Polygon","coordinates":[[[72.80788,19.22568],[72.80779,19.22551],[72.8076,19.22568],[72.80915,19.22827],[72.80909,19.22934],[72.80936,19.22933],[72.80976,19.22985],[72.80989,19.23037],[72.81124,19.23051],[72.81178,19.23077],[72.81287,19.23092],[72.81326,19.23144],[72.81338,19.23324],[72.81392,19.23337],[72.81419,19.23325],[72.81459,19.23377],[72.81444,19.23505],[72.81498,19.23506],[72.81456,19.23583],[72.8144,19.23763],[72.81143,19.23695],[72.81088,19.2372],[72.8098,19.23693],[72.80763,19.23716],[72.80655,19.23715],[72.80341,19.23878],[72.80341,19.23904],[72.80367,19.2393],[72.80393,19.24033],[72.80447,19.24086],[72.80472,19.2424],[72.80415,19.2442],[72.80356,19.24454],[72.80346,19.24522],[72.80157,19.24481],[72.80103,19.24442],[72.80096,19.24509],[72.80161,19.24542],[72.80174,19.24616],[72.80214,19.24629],[72.80223,19.247],[72.80086,19.24696],[72.8003,19.24729],[72.80072,19.24776],[72.80047,19.24858],[72.8003,19.24879],[72.80079,19.24922],[72.80178,19.24932],[72.80187,19.24949],[72.80232,19.24945],[72.80366,19.25024],[72.8042,19.25038],[72.80446,19.25141],[72.805,19.25142],[72.80472,19.25244],[72.80526,19.25245],[72.80538,19.25348],[72.80524,19.25374],[72.80579,19.25374],[72.80578,19.254],[72.80524,19.25399],[72.80522,19.25554],[72.80441,19.25566],[72.80387,19.25539],[72.80305,19.25538],[72.80237,19.25602],[72.80209,19.25653],[72.80127,19.25703],[72.80113,19.25755],[72.80059,19.25754],[72.80044,19.25857],[72.80069,19.2596],[72.8002,19.2596],[72.79947,19.25997],[72.7992,19.25984],[72.79892,19.26061],[72.79946,19.26062],[72.79935,19.26115],[72.79972,19.26165],[72.80081,19.26128],[72.80108,19.26102],[72.8019,19.2609],[72.80205,19.25962],[72.80261,19.25834],[72.80288,19.25808],[72.80303,19.25731],[72.80519,19.25772],[72.80681,19.25839],[72.80682,19.25787],[72.80763,19.25775],[72.80818,19.25725],[72.80954,19.25662],[72.80994,19.25714],[72.81006,19.25843],[72.80871,19.25841],[72.80855,19.25995],[72.80868,19.26047],[72.80949,19.26074],[72.80934,19.26202],[72.80973,19.26306],[72.80864,19.2633],[72.80838,19.26265],[72.80866,19.26464],[72.80852,19.2651],[72.80807,19.26561],[72.80792,19.26638],[72.80832,19.26729],[72.80873,19.26746],[72.8091,19.26745],[72.8094,19.26769],[72.80939,19.2682],[72.80993,19.26821],[72.81006,19.26872],[72.81086,19.26951],[72.81099,19.27002],[72.82367,19.27481],[72.82409,19.27352],[72.83241,19.26976],[72.83518,19.27546],[72.83519,19.27494],[72.8348,19.27365],[72.83615,19.27418],[72.83614,19.27495],[72.83668,19.27496],[72.83628,19.27393],[72.8359,19.27212],[72.83699,19.27188],[72.83712,19.27239],[72.83739,19.27265],[72.83723,19.2742],[72.83777,19.27459],[72.83831,19.27472],[72.83914,19.27345],[72.83944,19.27126],[72.83999,19.27075],[72.84297,19.27053],[72.84324,19.27066],[72.84352,19.26964],[72.8438,19.26964],[72.84379,19.27041],[72.8446,19.27042],[72.84473,19.26954],[72.84665,19.26822],[72.84595,19.26753],[72.84546,19.26737],[72.84429,19.26739],[72.84162,19.26816],[72.84102,19.2682],[72.84013,19.26805],[72.83973,19.26945],[72.83937,19.27014],[72.83866,19.27116],[72.83846,19.27104],[72.8391,19.27009],[72.83974,19.26851],[72.83979,19.26802],[72.83812,19.2667],[72.83705,19.26565],[72.83522,19.26336],[72.83469,19.26166],[72.83454,19.26081],[72.83454,19.25976],[72.83511,19.2584],[72.83608,19.2572],[72.83707,19.25633],[72.83764,19.25557],[72.83792,19.25468],[72.83783,19.25368],[72.83732,19.25247],[72.837,19.25204],[72.83522,19.2508],[72.83392,19.25037],[72.83231,19.25011],[72.83,19.2495],[72.82948,19.24962],[72.8298,19.25066],[72.82967,19.25069],[72.82896,19.24981],[72.82664,19.24866],[72.82553,19.24787],[72.82362,19.24608],[72.82249,19.24455],[72.82219,19.24453],[72.82123,19.24552],[72.82064,19.24685],[72.82064,19.24803],[72.82114,19.24991],[72.82129,19.2503],[72.8217,19.25062],[72.82281,19.25054],[72.82365,19.2509],[72.82414,19.2515],[72.8244,19.25212],[72.82438,19.25266],[72.82383,19.2541],[72.82386,19.25485],[72.82401,19.25516],[72.82483,19.25597],[72.82541,19.25769],[72.82571,19.25817],[72.82666,19.25901],[72.82779,19.25939],[72.82772,19.2596],[72.82706,19.25947],[72.82655,19.25917],[72.82554,19.25825],[72.82494,19.25747],[72.82444,19.25628],[72.82389,19.25558],[72.82352,19.25485],[72.82348,19.25423],[72.82383,19.25244],[72.82378,19.25196],[72.8234,19.25146],[72.82292,19.25131],[72.82219,19.25151],[72.82172,19.25133],[72.82083,19.25064],[72.82002,19.24801],[72.82,19.24665],[72.82026,19.24548],[72.81811,19.24534],[72.81759,19.24542],[72.81711,19.24576],[72.8168,19.2462],[72.81628,19.24785],[72.81545,19.25064],[72.81553,19.2508],[72.81536,19.25086],[72.81476,19.25201],[72.8148,19.25261],[72.81462,19.25258],[72.81399,19.25333],[72.81232,19.2545],[72.8119,19.25504],[72.81161,19.25601],[72.81165,19.25659],[72.81202,19.25734],[72.81227,19.25752],[72.81199,19.25766],[72.81159,19.25734],[72.8112,19.25643],[72.81116,19.2555],[72.81079,19.2555],[72.81073,19.25538],[72.81124,19.25531],[72.81213,19.25423],[72.81395,19.25278],[72.8147,19.2512],[72.8155,19.24853],[72.81562,19.24745],[72.81518,19.24754],[72.81516,19.24737],[72.81588,19.24713],[72.8165,19.24549],[72.81782,19.2447],[72.81622,19.24168],[72.81539,19.24107],[72.81419,19.24087],[72.81365,19.24055],[72.81279,19.24026],[72.81204,19.24024],[72.81044,19.24079],[72.81038,19.24062],[72.812,19.24006],[72.81286,19.2401],[72.81553,19.24086],[72.81614,19.24128],[72.81698,19.24231],[72.81785,19.24402],[72.81859,19.24458],[72.81965,19.24464],[72.82043,19.2444],[72.8214,19.24345],[72.82144,19.24241],[72.81983,19.23778],[72.8194,19.23682],[72.81905,19.23656],[72.81858,19.2367],[72.81851,19.23642],[72.81888,19.23617],[72.81842,19.23484],[72.81735,19.23319],[72.81695,19.23272],[72.81679,19.23298],[72.81666,19.23296],[72.81636,19.23218],[72.81486,19.23067],[72.81244,19.22949],[72.81224,19.22916],[72.81167,19.22898],[72.80899,19.2259],[72.80832,19.22549],[72.80788,19.22568]]]}},{"type":"Feature","properties":{"kind":"wetland"},"geometry":{"type":"Polygon","coordinates":[[[72.78728,19.13281],[72.78684,19.13234],[72.78637,19.13244],[72.78607,19.13258],[72.78611,19.13336],[72.78669,19.13348],[72.78728,19.13281]]]}},{"type":"Feature","properties":{"kind":"wetland"},"geometry":{"type":"Polygon","coordinates":[[[72.78684,19.13234],[72.78681,19.13221],[72.78633,19.13228],[72.78601,19.13254],[72.78596,19.13331],[72.78632,19.13353],[72.78673,19.13352],[72.78736,19.133],[72.78763,19.13309],[72.78789,19.13347],[72.78798,19.13512],[72.78826,19.13581],[72.78842,19.13858],[72.78839,19.13921],[72.78807,19.14022],[72.78813,19.14162],[72.78762,19.14186],[72.7875,19.14214],[72.78761,19.14294],[72.78797,19.1441],[72.7883,19.14458],[72.78882,19.14487],[72.78777,19.14303],[72.78758,19.14206],[72.78814,19.14165],[72.78809,19.14026],[72.78846,19.13916],[72.78853,19.13744],[72.78843,19.13612],[72.78864,19.1359],[72.78847,19.13512],[72.7881,19.13526],[72.78794,19.13345],[72.78752,19.13288],[72.78728,19.13281],[72.78669,19.13348],[72.78611,19.13336],[72.78607,19.13258],[72.78684,19.13234]]]}},{"type":"Feature","properties":{"kind":"wetland"},"geometry":{"type":"Polygon","coordinates":[[[72.82883,19.1766],[72.82893,19.17655],[72.8289,19.17633],[72.82864,19.17541],[72.82843,19.17519],[72.82821,19.1752],[72.82796,19.17566],[72.82804,19.17595],[72.82849,19.17649],[72.82883,19.1766]]]}},{"type":"Feature","properties":{"kind":"farmland"},"geometry":{"type":"Polygon","coordinates":[[[72.86729,19.27148],[72.86741,19.27161],[72.86588,19.2729],[72.86575,19.27277],[72.86729,19.27148]]]}},{"type":"Feature","properties":{"kind":"forest"},"geometry":{"type":"Polygon","coordinates":[[[72.92149,19.10462],[72.92044,19.10515],[72.9199,19.10419],[72.91881,19.10473],[72.91931,19.10571],[72.9192,19.10576],[72.918,19.10401],[72.92002,19.1027],[72.92149,19.10462]]]}},{"type":"Feature","properties":{"kind":"scrub"},"geometry":{"type":"Polygon","coordinates":[[[72.87419,19.13115],[72.87446,19.13143],[72.8747,19.13142],[72.87495,19.1311],[72.87441,19.13013],[72.87455,19.12924],[72.87432,19.12842],[72.87349,19.12769],[72.87378,19.12743],[72.8726,19.1261],[72.87069,19.12805],[72.87077,19.12824],[72.8714,19.12845],[72.87241,19.13019],[72.87295,19.12999],[72.87317,19.12961],[72.87361,19.12962],[72.87395,19.12993],[72.87419,19.13041],[72.87431,19.13081],[72.87419,19.13115]]]}},{"type":"Feature","properties":{"kind":"farmland"},"geometry":{"type":"Polygon","coordinates":[[[72.84914,19.31398],[72.84904,19.31362],[72.84869,19.31313],[72.84872,19.31269],[72.85125,19.31223],[72.85157,19.31331],[72.85077,19.31376],[72.84914,19.31398]]]}},{"type":"Feature","properties":{"kind":"scrub"},"geometry":{"type":"Polygon","coordinates":[[[72.89088,19.09545],[72.89111,19.09632],[72.89132,19.09661],[72.89106,19.09556],[72.89113,19.09476],[72.89104,19.09431],[72.89085,19.09393],[72.89055,19.09386],[72.89049,19.09374],[72.89037,19.09282],[72.89056,19.09253],[72.89037,19.0925],[72.89022,19.09275],[72.89032,19.09352],[72.89046,19.09395],[72.89078,19.0941],[72.89096,19.09467],[72.89077,19.09487],[72.89088,19.09545]]]}},{"type":"Feature","properties":{"kind":"forest"},"geometry":{"type":"Polygon","coordinates":[[[72.90917,19.11319],[72.90897,19.1138],[72.90708,19.11375],[72.90703,19.11362],[72.90632,19.1136],[72.9063,19.11317],[72.90583,19.11319],[72.90577,19.11284],[72.90892,19.11284],[72.90917,19.11319]]]}},{"type":"Feature","properties":{"kind":"wetland"},"geometry":{"type":"Polygon","coordinates":[[[72.9188,19.08799],[72.91938,19.08716],[72.92057,19.08702],[72.92098,19.08722],[72.92128,19.08783],[72.92122,19.08829],[72.92088,19.08855],[72.92058,19.08851],[72.91982,19.08808],[72.91975,19.08776],[72.91944,19.0877],[72.9188,19.08799]]]}},{"type":"Feature","properties":{"kind":"scrub"},"geometry":{"type":"Polygon","coordinates":[[[72.91865,19.09263],[72.91795,19.09243],[72.91756,19.09192],[72.91752,19.09154],[72.91778,19.091],[72.91784,19.09009],[72.91816,19.08882],[72.91807,19.08866],[72.91998,19.08601],[72.9217,19.08668],[72.9222,19.08735],[72.92225,19.08879],[72.92072,19.08882],[72.92023,19.08895],[72.91978,19.08954],[72.92064,19.09044],[72.91944,19.09154],[72.91935,19.09269],[72.91865,19.09263]]]}},{"type":"Feature","properties":{"kind":"wetland"},"geometry":{"type":"Polygon","coordinates":[[[72.823,19.11987],[72.82182,19.11942],[72.82155,19.11947],[72.82106,19.11983],[72.82095,19.12063],[72.82115,19.12091],[72.82167,19.12087],[72.82199,19.12072],[72.82245,19.12005],[72.823,19.11987]]]}},{"type":"Feature","properties":{"kind":"wetland"},"geometry":{"type":"Polygon","coordinates":[[[72.78021,19.20889],[72.78,19.20646],[72.78027,19.20609],[72.78189,19.20685],[72.78231,19.20669],[72.78235,19.20623],[72.78246,19.20619],[72.78269,19.20649],[72.7835,19.20623],[72.78335,19.20608],[72.78277,19.20613],[72.78225,19.20579],[72.78137,19.20589],[72.78094,19.20568],[72.7804,19.20564],[72.77981,19.20583],[72.7794,19.2064],[72.7792,19.20843],[72.77959,19.2088],[72.78021,19.20889]]]}},{"type":"Feature","properties":{"kind":"wetland"},"geometry":{"type":"Polygon","coordinates":[[[72.83241,19.16991],[72.83515,19.16969],[72.83532,19.17051],[72.83242,19.17054],[72.83241,19.16991]]]}},{"type":"Feature","properties":{"kind":"forest"},"geometry":{"type":"Polygon","coordinates":[[[72.87905,19.27519],[72.88029,19.27576],[72.88113,19.27664],[72.88066,19.27671],[72.88027,19.27716],[72.88012,19.27694],[72.87987,19.27703],[72.87986,19.27715],[72.8797,19.27713],[72.87959,19.27658],[72.87978,19.27642],[72.87893,19.27533],[72.87905,19.27519]]]}},{"type":"Feature","properties":{"kind":"forest"},"geometry":{"type":"Polygon","coordinates":[[[72.87608,19.14886],[72.87496,19.14781],[72.87475,19.1475],[72.87461,19.1468],[72.87511,19.14552],[72.87588,19.14479],[72.87602,19.14447],[72.87583,19.14413],[72.87529,19.1437],[72.87496,19.14304],[72.87404,19.14215],[72.87396,19.14179],[72.87403,19.14159],[72.87433,19.14149],[72.874,19.14071],[72.87404,19.14036],[72.87425,19.14026],[72.87463,19.14031],[72.87475,19.14052],[72.87467,19.14176],[72.87476,19.14184],[72.87511,19.14176],[72.87537,19.14096],[72.8757,19.14052],[72.87545,19.13996],[72.87378,19.1394],[72.87186,19.14062],[72.87034,19.1409],[72.86956,19.14075],[72.86863,19.14098],[72.86749,19.14079],[72.86718,19.14092],[72.86798,19.1413],[72.86821,19.14174],[72.86862,19.14201],[72.86927,19.14133],[72.86963,19.14133],[72.86984,19.14147],[72.8705,19.14248],[72.87067,19.14312],[72.86971,19.14353],[72.86958,19.14373],[72.86974,19.1439],[72.87024,19.14394],[72.87105,19.14366],[72.87162,19.14409],[72.87198,19.14359],[72.87221,19.14351],[72.87248,19.14359],[72.87271,19.14386],[72.87286,19.14433],[72.87279,19.14457],[72.87228,19.14476],[72.87225,19.14556],[72.8716,19.14646],[72.87158,19.14682],[72.87201,19.14757],[72.87195,19.14796],[72.87154,19.14787],[72.87096,19.14702],[72.87074,19.14693],[72.87062,19.147],[72.87051,19.14746],[72.86999,19.14802],[72.87005,19.14823],[72.8706,19.14853],[72.87089,19.14939],[72.8714,19.1499],[72.87156,19.15049],[72.87133,19.15061],[72.87094,19.15054],[72.87053,19.15009],[72.86992,19.14984],[72.8696,19.14878],[72.86881,19.14855],[72.86792,19.14762],[72.86751,19.14694],[72.86742,19.14643],[72.8675,19.14562],[72.86705,19.14505],[72.86684,19.14445],[72.86626,19.14348],[72.86572,19.14197],[72.86495,19.14171],[72.86443,19.14178],[72.86462,19.14237],[72.86539,19.1435],[72.86537,19.14424],[72.86583,19.14511],[72.86601,19.14615],[72.86641,19.14689],[72.86605,19.14848],[72.86606,19.14898],[72.86633,19.14947],[72.86618,19.15013],[72.86622,19.15054],[72.86693,19.15105],[72.86767,19.15114],[72.86777,19.15093],[72.86745,19.1505],[72.86742,19.15026],[72.86785,19.14973],[72.86806,19.14975],[72.86845,19.15126],[72.86829,19.15197],[72.86853,19.15239],[72.8683,19.15322],[72.86845,19.15458],[72.86991,19.15537],[72.87088,19.15613],[72.87114,19.15685],[72.87138,19.15713],[72.87208,19.15739],[72.87289,19.15719],[72.87308,19.15676],[72.87289,19.15619],[72.87313,19.15554],[72.87368,19.15511],[72.87454,19.155],[72.87488,19.15471],[72.87502,19.15332],[72.87466,19.15298],[72.87442,19.15241],[72.87368,19.15216],[72.87352,19.15184],[72.8738,19.15074],[72.874,19.15064],[72.87513,19.1508],[72.8753,19.15111],[72.87526,19.15146],[72.87539,19.15147],[72.8758,19.15059],[72.87608,19.14886]]]}},{"type":"Feature","properties":{"kind":"forest"},"geometry":{"type":"Polygon","coordinates":[[[72.8777,19.13604],[72.87743,19.13662],[72.87684,19.1367],[72.87665,19.13696],[72.87643,19.13701],[72.87607,19.13686],[72.87587,19.13645],[72.87599,19.13574],[72.87555,19.13542],[72.87476,19.13435],[72.87489,19.13303],[72.87502,19.13289],[72.87603,19.13259],[72.8767,19.13267],[72.87678,19.13278],[72.87684,19.13324],[72.87704,19.13351],[72.87641,19.13365],[72.87636,19.13409],[72.87595,19.13484],[72.87637,19.13524],[72.87629,19.13576],[72.87663,19.13595],[72.87693,19.13592],[72.87704,19.13577],[72.87745,19.13394],[72.87793,19.13393],[72.87786,19.13411],[72.87763,19.13411],[72.87757,19.13426],[72.87778,19.13522],[72.8777,19.13604]]]}},{"type":"Feature","properties":{"kind":"forest"},"geometry":{"type":"Polygon","coordinates":[[[72.89145,19.1403],[72.8917,19.14038],[72.89237,19.14027],[72.89247,19.14011],[72.89243,19.13967],[72.8928,19.13919],[72.89279,19.13896],[72.89312,19.13875],[72.89307,19.13858],[72.89239,19.13836],[72.89202,19.138],[72.89167,19.13793],[72.89103,19.13814],[72.89016,19.1387],[72.88984,19.1387],[72.88945,19.13828],[72.88912,19.13831],[72.88899,19.13818],[72.88938,19.13733],[72.88923,19.13697],[72.88898,19.13696],[72.88882,19.13729],[72.88879,19.13775],[72.88837,19.13844],[72.88838,19.13908],[72.88773,19.13898],[72.88767,19.13928],[72.88852,19.14002],[72.88907,19.14016],[72.88953,19.13973],[72.89094,19.13939],[72.89103,19.13963],[72.89092,19.13971],[72.89111,19.14025],[72.89089,19.14038],[72.89023,19.14042],[72.88986,19.14065],[72.8907,19.14105],[72.89152,19.14107],[72.89157,19.1409],[72.89135,19.14052],[72.89145,19.1403]]]}},{"type":"Feature","properties":{"kind":"forest"},"geometry":{"type":"Polygon","coordinates":[[[72.88874,19.1352],[72.8884,19.13522],[72.88836,19.13547],[72.88851,19.1359],[72.88892,19.13644],[72.89102,19.13676],[72.8918,19.13738],[72.89231,19.13737],[72.89255,19.13721],[72.89282,19.13616],[72.8943,19.13619],[72.89443,19.13761],[72.89498,19.13777],[72.89545,19.13846],[72.89554,19.13809],[72.89545,19.13748],[72.89586,19.13716],[72.89626,19.1372],[72.89637,19.13733],[72.89633,19.13767],[72.89657,19.13785],[72.89677,19.13742],[72.89678,19.13684],[72.89664,19.1365],[72.89615,19.13653],[72.89591,19.13622],[72.89596,19.13658],[72.89581,19.13665],[72.89523,19.13637],[72.89494,19.13604],[72.89472,19.13552],[72.89505,19.13486],[72.89497,19.13477],[72.89466,19.13485],[72.89433,19.13512],[72.89238,19.13543],[72.89176,19.13588],[72.89075,19.13605],[72.89015,19.13594],[72.88967,19.13608],[72.88927,19.13598],[72.88874,19.1352]]]}},{"type":"Feature","properties":{"kind":"forest"},"geometry":{"type":"Polygon","coordinates":[[[72.88667,19.13416],[72.88674,19.13524],[72.88694,19.13574],[72.88678,19.13575],[72.88594,19.13502],[72.88595,19.13559],[72.88576,19.13613],[72.8856,19.13618],[72.88524,19.13576],[72.88554,19.1352],[72.88538,19.13429],[72.88571,19.13427],[72.88593,19.13477],[72.88607,19.13479],[72.88632,19.13472],[72.88636,19.13426],[72.88667,19.13416]]]}},{"type":"Feature","properties":{"kind":"forest"},"geometry":{"type":"Polygon","coordinates":[[[72.89,19.14423],[72.89014,19.14541],[72.89052,19.14618],[72.89077,19.14625],[72.89152,19.14589],[72.89206,19.14544],[72.89192,19.14524],[72.89109,19.14485],[72.89082,19.14455],[72.89081,19.14368],[72.89117,19.14375],[72.89135,19.14423],[72.89172,19.14449],[72.89197,19.14448],[72.89209,19.14428],[72.89082,19.14188],[72.89016,19.14195],[72.89005,19.14219],[72.88968,19.1423],[72.88948,19.14337],[72.89,19.14423]]]}},{"type":"Feature","properties":{"kind":"forest"},"geometry":{"type":"Polygon","coordinates":[[[72.87727,19.14615],[72.87687,19.14781],[72.87645,19.14894],[72.87552,19.15274],[72.87678,19.15291],[72.87699,19.15327],[72.87686,19.15353],[72.87614,19.1538],[72.87577,19.15366],[72.87564,19.15325],[72.87548,19.15321],[72.87521,19.15353],[72.87503,19.15526],[72.87578,19.15636],[72.87665,19.15644],[72.87793,19.15695],[72.87798,19.15791],[72.87825,19.15815],[72.87872,19.15819],[72.87853,19.15777],[72.87852,19.15738],[72.87873,19.15696],[72.87897,19.15695],[72.87914,19.15712],[72.87921,19.1582],[72.87937,19.15833],[72.87975,19.15778],[72.87986,19.15632],[72.87974,19.15524],[72.87942,19.15487],[72.87919,19.15418],[72.87889,19.15405],[72.87921,19.15539],[72.87827,19.15582],[72.87783,19.15573],[72.87742,19.15536],[72.87709,19.15479],[72.87717,19.15444],[72.87799,19.15387],[72.87844,19.15307],[72.87911,19.15256],[72.87958,19.15255],[72.8801,19.15278],[72.88072,19.15246],[72.88107,19.15275],[72.88147,19.15357],[72.88191,19.15373],[72.88213,19.15367],[72.88223,19.15345],[72.88212,19.15246],[72.88135,19.15221],[72.88118,19.15178],[72.88117,19.15153],[72.88148,19.15102],[72.88125,19.15023],[72.88146,19.14955],[72.88257,19.14901],[72.88305,19.14892],[72.88526,19.14891],[72.88627,19.14873],[72.88773,19.14793],[72.88806,19.14756],[72.88809,19.14733],[72.88728,19.14629],[72.88717,19.14582],[72.88672,19.1456],[72.88637,19.14575],[72.886,19.14695],[72.88579,19.14711],[72.8848,19.14672],[72.8847,19.14658],[72.88467,19.14633],[72.88504,19.14605],[72.88473,19.14519],[72.88491,19.14463],[72.88537,19.14438],[72.88636,19.14447],[72.88649,19.14429],[72.8865,19.1437],[72.88504,19.14122],[72.88427,19.13925],[72.88394,19.13885],[72.88358,19.13876],[72.88328,19.13933],[72.88257,19.13967],[72.88161,19.14081],[72.88109,19.14098],[72.88074,19.14088],[72.88033,19.14009],[72.87992,19.13979],[72.87937,19.13969],[72.87882,19.13988],[72.87849,19.13923],[72.87823,19.13914],[72.87749,19.13914],[72.87682,19.13931],[72.87668,19.13954],[72.87667,19.14042],[72.87616,19.14073],[72.87603,19.14109],[72.87641,19.14184],[72.87656,19.1417],[72.87676,19.14089],[72.8772,19.14077],[72.87727,19.14086],[72.87705,19.14178],[72.87731,19.14269],[72.87753,19.14442],[72.8778,19.14482],[72.87756,19.14507],[72.87727,19.14615]]]}},{"type":"Feature","properties":{"kind":"forest"},"geometry":{"type":"Polygon","coordinates":[[[72.87984,19.15899],[72.87935,19.15953],[72.87928,19.15989],[72.87916,19.15995],[72.87816,19.15954],[72.87812,19.15874],[72.87823,19.15857],[72.87927,19.15862],[72.87984,19.15899]]]}},{"type":"Feature","properties":{"kind":"forest"},"geometry":{"type":"Polygon","coordinates":[[[72.87405,19.15791],[72.87191,19.15792],[72.87076,19.15902],[72.86975,19.15889],[72.86937,19.15857],[72.8684,19.15855],[72.86827,19.15871],[72.86909,19.15943],[72.86928,19.16],[72.86941,19.16002],[72.87295,19.15928],[72.87361,19.1592],[72.87433,19.15933],[72.87461,19.15911],[72.87511,19.15905],[72.87564,19.15922],[72.87575,19.15943],[72.87573,19.16007],[72.87589,19.16019],[72.87657,19.15952],[72.87657,19.15928],[72.87628,19.15907],[72.87563,19.15893],[72.87526,19.15872],[72.87489,19.15791],[72.87464,19.15781],[72.87405,19.15791]]]}},{"type":"Feature","properties":{"kind":"forest"},"geometry":{"type":"Polygon","coordinates":[[[72.87112,19.16303],[72.87072,19.1635],[72.87075,19.16359],[72.8712,19.16352],[72.87143,19.16367],[72.87131,19.16403],[72.87034,19.16413],[72.86956,19.16478],[72.86978,19.16592],[72.86952,19.16659],[72.87001,19.16707],[72.87091,19.16722],[72.87114,19.16696],[72.87135,19.16641],[72.8717,19.16632],[72.87191,19.16649],[72.87191,19.1671],[72.87204,19.16729],[72.87229,19.16708],[72.87256,19.16627],[72.87288,19.16591],[72.87319,19.16569],[72.87444,19.16554],[72.87445,19.16531],[72.87368,19.16501],[72.87361,19.16478],[72.87408,19.16407],[72.87458,19.16377],[72.87324,19.16366],[72.87167,19.16278],[72.87112,19.16303]]]}},{"type":"Feature","properties":{"kind":"forest"},"geometry":{"type":"Polygon","coordinates":[[[72.8633,19.16597],[72.86333,19.16655],[72.86308,19.16658],[72.86247,19.16635],[72.86188,19.16703],[72.86181,19.16766],[72.86196,19.16852],[72.86185,19.16872],[72.86173,19.16872],[72.86097,19.168],[72.86059,19.16791],[72.86044,19.16743],[72.8606,19.16684],[72.86049,19.16648],[72.86063,19.16619],[72.86057,19.16543],[72.86088,19.16525],[72.86207,19.1652],[72.86235,19.1649],[72.86238,19.16432],[72.86191,19.16302],[72.86194,19.16267],[72.8622,19.16267],[72.86317,19.16313],[72.8643,19.16328],[72.86403,19.16352],[72.86286,19.16381],[72.86269,19.16415],[72.86294,19.16451],[72.86353,19.1645],[72.86464,19.16409],[72.86487,19.16419],[72.86532,19.1648],[72.86524,19.16504],[72.86503,19.16517],[72.86314,19.16552],[72.8633,19.16597]]]}},{"type":"Feature","properties":{"kind":"forest"},"geometry":{"type":"Polygon","coordinates":[[[72.86413,19.16121],[72.86342,19.16162],[72.86225,19.16193],[72.86077,19.16202],[72.85961,19.16187],[72.85946,19.16102],[72.85978,19.16102],[72.86005,19.16146],[72.8619,19.16171],[72.8624,19.16007],[72.8623,19.15945],[72.86241,19.15942],[72.8631,19.15973],[72.8641,19.15963],[72.86456,19.15981],[72.86466,19.16018],[72.86426,19.16044],[72.86413,19.16121]]]}},{"type":"Feature","properties":{"kind":"forest"},"geometry":{"type":"Polygon","coordinates":[[[72.86543,19.15076],[72.86605,19.15187],[72.86772,19.15248],[72.86788,19.1528],[72.8674,19.1532],[72.8665,19.15461],[72.86608,19.1563],[72.86586,19.15675],[72.86565,19.15689],[72.86525,19.15658],[72.86545,19.1552],[72.86522,19.15478],[72.86487,19.15458],[72.86447,19.15458],[72.86347,19.15548],[72.8631,19.15561],[72.8627,19.15555],[72.86236,19.15509],[72.86222,19.15407],[72.86199,19.1536],[72.86207,19.15232],[72.86177,19.15151],[72.86067,19.15119],[72.8592,19.15049],[72.85995,19.14938],[72.86,19.14823],[72.86054,19.14795],[72.86081,19.14757],[72.86159,19.14782],[72.86188,19.14745],[72.86312,19.14795],[72.8633,19.14837],[72.86194,19.14851],[72.86188,19.14884],[72.86201,19.14912],[72.86184,19.1494],[72.86201,19.14991],[72.86249,19.14991],[72.86266,19.15019],[72.8645,19.15017],[72.86441,19.14951],[72.86452,19.14892],[72.86353,19.14811],[72.86331,19.14763],[72.86223,19.14734],[72.86267,19.14716],[72.86285,19.14684],[72.86277,19.14634],[72.86237,19.14566],[72.86208,19.14539],[72.86138,19.14535],[72.86101,19.14508],[72.86095,19.14482],[72.86162,19.14458],[72.86192,19.1443],[72.86196,19.14406],[72.86169,19.14365],[72.86176,19.14344],[72.862,19.14341],[72.86243,19.14365],[72.86283,19.14437],[72.86276,19.14572],[72.86347,19.14693],[72.86347,19.14745],[72.8636,19.14769],[72.86435,19.14809],[72.86484,19.14884],[72.86543,19.14903],[72.86566,19.1493],[72.86592,19.15026],[72.86543,19.15076]]]}},{"type":"Feature","properties":{"kind":"scrub"},"geometry":{"type":"Polygon","coordinates":[[[72.91905,19.14207],[72.91796,19.14121],[72.91734,19.14016],[72.91741,19.13992],[72.91805,19.13923],[72.91848,19.13943],[72.91888,19.13926],[72.9185,19.13727],[72.918,19.13717],[72.91722,19.13787],[72.91734,19.13797],[72.91798,19.13767],[72.91815,19.13783],[72.9181,19.13813],[72.91784,19.1383],[72.91732,19.13808],[72.91694,19.13866],[72.91637,19.13877],[72.91607,19.13916],[72.91603,19.14034],[72.91549,19.14063],[72.9154,19.14101],[72.91576,19.14183],[72.91602,19.14207],[72.91613,19.14244],[72.91687,19.14354],[72.91723,19.14377],[72.91753,19.14419],[72.91801,19.14435],[72.91791,19.14505],[72.91803,19.14533],[72.91961,19.14667],[72.92106,19.14736],[72.92111,19.14679],[72.92145,19.14681],[72.92146,19.14652],[72.92103,19.145],[72.92074,19.14467],[72.91973,19.14404],[72.91946,19.14372],[72.91866,19.14379],[72.91882,19.14357],[72.91851,19.14307],[72.91865,19.14266],[72.91885,19.14266],[72.91908,19.14316],[72.91935,19.14311],[72.91949,19.14292],[72.91934,19.14236],[72.91905,19.14207]]]}},{"type":"Feature","properties":{"kind":"scrub"},"geometry":{"type":"Polygon","coordinates":[[[72.91684,19.14428],[72.91565,19.14265],[72.9153,19.14176],[72.91461,19.14059],[72.91362,19.13939],[72.91343,19.13934],[72.91328,19.13954],[72.91303,19.13959],[72.91298,19.13997],[72.91316,19.14046],[72.9138,19.14095],[72.91372,19.14109],[72.91272,19.14033],[72.91138,19.14011],[72.91068,19.13962],[72.91033,19.13964],[72.91006,19.13985],[72.90981,19.14049],[72.90976,19.14115],[72.91024,19.14237],[72.91039,19.14256],[72.91062,19.14258],[72.91095,19.14207],[72.91149,19.14258],[72.91186,19.1434],[72.91181,19.14396],[72.91149,19.14401],[72.91112,19.14385],[72.911,19.14443],[72.91115,19.14503],[72.91104,19.14611],[72.9115,19.147],[72.91185,19.14701],[72.91199,19.14636],[72.91227,19.14604],[72.91367,19.14602],[72.91483,19.14468],[72.915,19.14397],[72.91572,19.14361],[72.91589,19.14363],[72.91643,19.14451],[72.91746,19.14545],[72.9179,19.1465],[72.91774,19.14583],[72.91684,19.14428]]]}},{"type":"Feature","properties":{"kind":"scrub"},"geometry":{"type":"Polygon","coordinates":[[[72.90953,19.13772],[72.9094,19.13783],[72.90944,19.13813],[72.90901,19.13831],[72.90925,19.13874],[72.90923,19.13912],[72.90994,19.13935],[72.91097,19.13886],[72.91114,19.13848],[72.91105,19.1383],[72.90999,19.13836],[72.90953,19.13772]]]}},{"type":"Feature","properties":{"kind":"forest"},"geometry":{"type":"Polygon","coordinates":[[[72.88779,19.15956],[72.88711,19.15956],[72.88699,19.15951],[72.88696,19.15928],[72.88726,19.15907],[72.88811,19.1589],[72.88828,19.15874],[72.88842,19.15818],[72.88876,19.15872],[72.8886,19.15941],[72.88904,19.1598],[72.88942,19.15988],[72.88948,19.1601],[72.88909,19.16018],[72.88825,19.1596],[72.88779,19.15956]]]}},{"type":"Feature","properties":{"kind":"forest"},"geometry":{"type":"Polygon","coordinates":[[[72.88508,19.16121],[72.8847,19.1613],[72.88465,19.16096],[72.8849,19.16071],[72.88538,19.16059],[72.88579,19.16128],[72.88615,19.1616],[72.88669,19.16188],[72.88732,19.16201],[72.88758,19.16192],[72.88779,19.16151],[72.88733,19.16123],[72.88725,19.16114],[72.88733,19.16105],[72.88842,19.16116],[72.889,19.16076],[72.88918,19.16085],[72.88839,19.16168],[72.88809,19.16221],[72.88784,19.16233],[72.88729,19.16235],[72.88666,19.16214],[72.88586,19.1617],[72.8853,19.1612],[72.88508,19.16121]]]}},{"type":"Feature","properties":{"kind":"forest"},"geometry":{"type":"Polygon","coordinates":[[[72.89833,19.14216],[72.89802,19.14236],[72.8978,19.1436],[72.89754,19.14359],[72.89664,19.14292],[72.89643,19.14261],[72.89651,19.14227],[72.8974,19.14176],[72.89864,19.14181],[72.89953,19.1405],[72.89935,19.14017],[72.89896,19.14009],[72.89851,19.14082],[72.898,19.14095],[72.89782,19.14079],[72.89781,19.14059],[72.89797,19.14014],[72.89793,19.1395],[72.89756,19.13944],[72.89733,19.13955],[72.89717,19.14011],[72.89652,19.14023],[72.89653,19.14048],[72.89684,19.14089],[72.89686,19.14126],[72.89609,19.14174],[72.89567,19.14151],[72.89557,19.1416],[72.89562,19.14219],[72.8952,19.14257],[72.89546,19.14285],[72.89515,19.14324],[72.89585,19.14339],[72.89612,19.14378],[72.89559,19.144],[72.8955,19.14424],[72.89589,19.14482],[72.89599,19.14583],[72.8963,19.14628],[72.89633,19.14669],[72.89667,19.14706],[72.89677,19.14741],[72.89698,19.14751],[72.89724,19.14754],[72.89738,19.14738],[72.89703,19.1467],[72.89687,19.14573],[72.89717,19.14482],[72.89796,19.14428],[72.89883,19.14417],[72.89912,19.14342],[72.89909,19.14293],[72.89891,19.14247],[72.89833,19.14216]]]}},{"type":"Feature","properties":{"kind":"forest"},"geometry":{"type":"Polygon","coordinates":[[[72.88349,19.13806],[72.88316,19.13815],[72.88304,19.1386],[72.88278,19.13862],[72.88257,19.13848],[72.88249,19.13826],[72.88262,19.13772],[72.88179,19.13759],[72.8816,19.13793],[72.88184,19.13859],[72.88156,19.13894],[72.88137,19.13956],[72.88068,19.13974],[72.88035,19.13939],[72.88178,19.13689],[72.88194,19.13687],[72.88211,19.13732],[72.88233,19.13743],[72.88247,19.13737],[72.88264,19.13693],[72.88285,19.13694],[72.88353,19.13776],[72.88359,19.13802],[72.88349,19.13806]]]}},{"type":"Feature","properties":{"kind":"forest"},"geometry":{"type":"Polygon","coordinates":[[[72.87743,19.14495],[72.87664,19.14489],[72.87598,19.14533],[72.87616,19.14561],[72.87703,19.14588],[72.87687,19.14624],[72.87631,19.14621],[72.87614,19.14641],[72.87523,19.1466],[72.87518,19.14718],[72.87561,19.14782],[72.87624,19.14823],[72.87649,19.14817],[72.87743,19.14495]]]}},{"type":"Feature","properties":{"kind":"forest"},"geometry":{"type":"Polygon","coordinates":[[[72.88397,19.12916],[72.88399,19.12838],[72.8833,19.12844],[72.88321,19.12877],[72.88282,19.12882],[72.88272,19.12832],[72.88241,19.12785],[72.88165,19.12745],[72.88158,19.1272],[72.88109,19.12691],[72.87992,19.12513],[72.87982,19.12518],[72.87966,19.12666],[72.88015,19.12925],[72.88166,19.12923],[72.88164,19.12865],[72.88224,19.12864],[72.88227,19.12922],[72.88397,19.12916]]]}},{"type":"Feature","properties":{"kind":"farmland"},"geometry":{"type":"Polygon","coordinates":[[[72.89271,19.13144],[72.88658,19.1292],[72.88568,19.12946],[72.88459,19.12951],[72.88499,19.12965],[72.88598,19.12964],[72.88648,19.13003],[72.88693,19.13059],[72.88877,19.13106],[72.88912,19.13148],[72.88938,19.13208],[72.89004,19.13277],[72.89029,19.13288],[72.89092,19.13281],[72.89271,19.13144]]]}},{"type":"Feature","properties":{"kind":"farmland"},"geometry":{"type":"Polygon","coordinates":[[[72.89299,19.13156],[72.89459,19.13199],[72.89444,19.13306],[72.89442,19.13503],[72.89182,19.13556],[72.89123,19.13664],[72.89079,19.13482],[72.88963,19.13268],[72.8902,19.13313],[72.89077,19.13312],[72.89299,19.13156]]]}},{"type":"Feature","properties":{"kind":"forest"},"geometry":{"type":"Polygon","coordinates":[[[72.81107,19.32889],[72.81141,19.32877],[72.81163,19.32899],[72.81085,19.32941],[72.81082,19.33003],[72.81043,19.33031],[72.81068,19.3308],[72.81059,19.331],[72.81019,19.33046],[72.81022,19.33006],[72.8106,19.3294],[72.81065,19.32904],[72.81105,19.32899],[72.81107,19.32889]]]}},{"type":"Feature","properties":{"kind":"forest"},"geometry":{"type":"Polygon","coordinates":[[[72.81276,19.32869],[72.81251,19.32864],[72.81246,19.32835],[72.81309,19.328],[72.81434,19.32799],[72.8139,19.32817],[72.81375,19.32836],[72.81312,19.32824],[72.81304,19.32854],[72.81276,19.32869]]]}},{"type":"Feature","properties":{"kind":"forest"},"geometry":{"type":"Polygon","coordinates":[[[72.81482,19.33065],[72.81383,19.33113],[72.81281,19.33125],[72.81245,19.33149],[72.81147,19.33169],[72.81134,19.33151],[72.81159,19.33111],[72.81106,19.32963],[72.81126,19.32939],[72.81171,19.32924],[72.81196,19.32967],[72.81264,19.3295],[72.81249,19.32904],[72.81399,19.32864],[72.81424,19.32895],[72.81372,19.32953],[72.81385,19.32975],[72.81414,19.32985],[72.81416,19.33024],[72.81513,19.33023],[72.81514,19.33039],[72.81482,19.33065]]]}},{"type":"Feature","properties":{"kind":"forest"},"geometry":{"type":"Polygon","coordinates":[[[72.81571,19.32785],[72.81593,19.32793],[72.81597,19.32814],[72.81712,19.32876],[72.81793,19.32877],[72.81833,19.32891],[72.81885,19.32983],[72.81883,19.32999],[72.81833,19.33008],[72.81825,19.32978],[72.8181,19.32973],[72.8178,19.33021],[72.81683,19.33047],[72.81645,19.33018],[72.81551,19.3301],[72.81533,19.32965],[72.81514,19.32949],[72.81566,19.32931],[72.81579,19.32872],[72.81553,19.32842],[72.81491,19.32832],[72.8148,19.32796],[72.81571,19.32785]]]}},{"type":"Feature","properties":{"kind":"scrub"},"geometry":{"type":"Polygon","coordinates":[[[72.85772,19.2016],[72.85738,19.20153],[72.8572,19.20079],[72.8596,19.19921],[72.86005,19.19906],[72.86078,19.20017],[72.86085,19.2012],[72.86036,19.20148],[72.85876,19.20132],[72.85858,19.20154],[72.85772,19.2016]]]}},{"type":"Feature","properties":{"kind":"wetland"},"geometry":{"type":"Polygon","coordinates":[[[72.80426,19.14545],[72.80438,19.14581],[72.80492,19.14631],[72.8054,19.14594],[72.80612,19.14647],[72.80762,19.1468],[72.8099,19.14605],[72.81331,19.14322],[72.81381,19.14314],[72.81463,19.14275],[72.8164,19.14126],[72.8169,19.14105],[72.81775,19.14037],[72.8182,19.13939],[72.81935,19.13763],[72.81945,19.13715],[72.81934,19.13657],[72.81897,19.13606],[72.81887,19.13561],[72.81847,19.13628],[72.81817,19.1365],[72.81772,19.13647],[72.81726,19.13616],[72.81671,19.13747],[72.81722,19.13723],[72.81749,19.13739],[72.8179,19.13793],[72.8179,19.13835],[72.81676,19.14016],[72.81572,19.14148],[72.8147,19.14096],[72.81398,19.14197],[72.81247,19.14353],[72.81103,19.14454],[72.81075,19.14447],[72.81041,19.14464],[72.80924,19.14478],[72.80797,19.14462],[72.80768,19.14508],[72.80821,19.14533],[72.80801,19.1459],[72.8077,19.14592],[72.80722,19.14537],[72.80668,19.14605],[72.80638,19.146],[72.80614,19.14583],[72.80564,19.14505],[72.80426,19.14545]]]}},{"type":"Feature","properties":{"kind":"wetland"},"geometry":{"type":"Polygon","coordinates":[[[72.82414,19.14941],[72.82323,19.14972],[72.82332,19.15001],[72.82284,19.14987],[72.82221,19.15024],[72.82158,19.15094],[72.82112,19.15188],[72.82079,19.15525],[72.8209,19.15632],[72.82064,19.15747],[72.81905,19.15889],[72.81804,19.15943],[72.81723,19.15952],[72.81731,19.15972],[72.82026,19.16273],[72.82148,19.16373],[72.82461,19.16589],[72.82545,19.16624],[72.8262,19.1663],[72.82708,19.16593],[72.82835,19.16483],[72.82884,19.16422],[72.8295,19.16279],[72.83029,19.16004],[72.82976,19.15837],[72.82947,19.15684],[72.82984,19.15537],[72.82975,19.15534],[72.82953,19.1558],[72.82936,19.15684],[72.82946,19.15769],[72.83009,19.15967],[72.83003,19.16076],[72.8296,19.162],[72.82923,19.16246],[72.82891,19.16372],[72.82741,19.16536],[72.82672,19.16571],[72.82584,19.16595],[72.82511,19.16569],[72.82372,19.16477],[72.82265,19.16378],[72.81897,19.16114],[72.81811,19.16],[72.81831,19.15971],[72.81915,19.15915],[72.82031,19.15809],[72.82083,19.15738],[72.8211,19.15641],[72.82095,19.15541],[72.8212,19.15406],[72.82106,19.15357],[72.82131,19.15197],[72.82195,19.15063],[72.82247,19.15016],[72.82404,19.14996],[72.82438,19.1501],[72.82692,19.15273],[72.82545,19.1508],[72.82414,19.14941]]]}},{"type":"Feature","properties":{"kind":"wetland"},"geometry":{"type":"Polygon","coordinates":[[[72.83026,19.15553],[72.82985,19.15622],[72.82976,19.15693],[72.83029,19.15864],[72.83064,19.1592],[72.83075,19.15967],[72.83041,19.16196],[72.82981,19.16435],[72.82918,19.16476],[72.82905,19.1665],[72.8286,19.16752],[72.82835,19.16778],[72.8277,19.16768],[72.82732,19.16782],[72.82708,19.16816],[72.82818,19.17015],[72.82888,19.17116],[72.82954,19.17511],[72.82981,19.17565],[72.83019,19.17781],[72.82987,19.18],[72.82887,19.18143],[72.82791,19.18245],[72.82769,19.183],[72.82809,19.18395],[72.82821,19.18586],[72.82973,19.18741],[72.83032,19.18836],[72.83046,19.18837],[72.82967,19.18728],[72.82881,19.18649],[72.82825,19.18578],[72.82815,19.18477],[72.82867,19.18247],[72.82921,19.18248],[72.83135,19.17776],[72.83101,19.17627],[72.82995,19.17526],[72.82951,19.17374],[72.83031,19.1734],[72.83076,19.17286],[72.82956,19.17076],[72.82957,19.17058],[72.83159,19.17054],[72.83112,19.16589],[72.83009,19.16597],[72.82993,19.1658],[72.83026,19.16394],[72.8302,19.16354],[72.83044,19.1633],[72.83072,19.16036],[72.831,19.15984],[72.83099,19.15878],[72.83194,19.15825],[72.83138,19.15748],[72.83089,19.15744],[72.83044,19.15695],[72.83033,19.1565],[72.83037,19.15558],[72.83026,19.15553]]]}},{"type":"Feature","properties":{"kind":"wetland"},"geometry":{"type":"Polygon","coordinates":[[[72.83046,19.18861],[72.83025,19.18863],[72.83002,19.18915],[72.82966,19.18944],[72.82917,19.19055],[72.82929,19.19096],[72.82899,19.19236],[72.82907,19.19283],[72.8292,19.1934],[72.82943,19.19375],[72.82948,19.19433],[72.82955,19.19447],[72.82983,19.19452],[72.82943,19.19359],[72.83005,19.19093],[72.82945,19.1904],[72.82954,19.19004],[72.83046,19.18861]]]}},{"type":"Feature","properties":{"kind":"scrub"},"geometry":{"type":"Polygon","coordinates":[[[72.92049,19.13075],[72.92022,19.13082],[72.9201,19.13031],[72.92019,19.13018],[72.92002,19.12964],[72.91997,19.13286],[72.91957,19.13519],[72.91952,19.13627],[72.91974,19.13776],[72.91963,19.1385],[72.92205,19.13857],[72.92312,19.13875],[72.92337,19.1385],[72.92352,19.13863],[72.92339,19.13879],[72.92433,19.1388],[72.92363,19.13708],[72.92434,19.13673],[72.92341,19.13479],[72.92406,19.1345],[72.92285,19.13214],[72.92336,19.13201],[72.92305,19.13141],[72.92338,19.13127],[72.9231,19.13068],[72.92287,19.13077],[72.92254,19.13002],[72.92387,19.12924],[72.92354,19.1287],[72.92349,19.12811],[72.92241,19.12837],[72.92237,19.12769],[72.92201,19.12772],[72.92198,19.1273],[72.92242,19.12714],[72.92249,19.12658],[72.92332,19.1264],[72.92321,19.12575],[72.92229,19.126],[72.92205,19.12619],[72.92178,19.12663],[72.92112,19.12858],[72.92081,19.12886],[72.92136,19.13172],[72.92087,19.13181],[72.92049,19.13075]]]}},{"type":"Feature","properties":{"kind":"farmland"},"geometry":{"type":"Polygon","coordinates":[[[72.84588,19.33559],[72.84618,19.33632],[72.84762,19.33607],[72.84777,19.336],[72.84785,19.3357],[72.84763,19.33527],[72.84775,19.33515],[72.84723,19.33475],[72.84636,19.33488],[72.84631,19.33523],[72.84588,19.33559]]]}},{"type":"Feature","properties":{"kind":"farmland"},"geometry":{"type":"Polygon","coordinates":[[[72.84466,19.33619],[72.84461,19.33587],[72.84429,19.33589],[72.84422,19.33561],[72.84476,19.33533],[72.84521,19.33563],[72.84547,19.33651],[72.84515,19.33651],[72.84501,19.33619],[72.84466,19.33619]]]}},{"type":"Feature","properties":{"kind":"farmland"},"geometry":{"type":"Polygon","coordinates":[[[72.84547,19.33651],[72.84524,19.33574],[72.84588,19.33559],[72.8461,19.33618],[72.84547,19.33651]]]}},{"type":"Feature","properties":{"kind":"farmland"},"geometry":{"type":"Polygon","coordinates":[[[72.84636,19.33488],[72.84589,19.33469],[72.84577,19.33451],[72.84544,19.3346],[72.84542,19.33439],[72.84488,19.33456],[72.84494,19.33474],[72.84478,19.3348],[72.84486,19.33491],[72.84412,19.33508],[72.8443,19.33549],[72.84369,19.3357],[72.84384,19.33623],[72.84424,19.33617],[72.84428,19.33627],[72.84411,19.33633],[72.84412,19.33647],[72.8439,19.33649],[72.84346,19.3364],[72.84275,19.33486],[72.84329,19.33452],[72.84343,19.33472],[72.84395,19.33457],[72.84428,19.33444],[72.84417,19.33418],[72.84573,19.33371],[72.84599,19.33395],[72.84663,19.33421],[72.84681,19.33469],[72.84717,19.33476],[72.84636,19.33488]]]}},{"type":"Feature","properties":{"kind":"forest"},"geometry":{"type":"Polygon","coordinates":[[[72.85136,19.33491],[72.85144,19.33389],[72.85203,19.33367],[72.85538,19.33361],[72.85536,19.33407],[72.85553,19.33477],[72.85122,19.33575],[72.85136,19.33491]]]}},{"type":"Feature","properties":{"kind":"farmland"},"geometry":{"type":"Polygon","coordinates":[[[72.85143,19.33377],[72.85147,19.33323],[72.8516,19.33309],[72.85311,19.33257],[72.85468,19.33248],[72.85548,19.33272],[72.8554,19.33303],[72.85554,19.33358],[72.85448,19.33362],[72.85397,19.33347],[72.85306,19.33358],[72.85237,19.33352],[72.85143,19.33377]]]}},{"type":"Feature","properties":{"kind":"farmland"},"geometry":{"type":"Polygon","coordinates":[[[72.85153,19.33308],[72.85165,19.33269],[72.85164,19.33194],[72.85201,19.33197],[72.85208,19.33224],[72.8525,19.33213],[72.85266,19.33265],[72.85153,19.33308]]]}},{"type":"Feature","properties":{"kind":"farmland"},"geometry":{"type":"Polygon","coordinates":[[[72.85485,19.33248],[72.85464,19.33126],[72.85501,19.33126],[72.85513,19.33202],[72.85545,19.33199],[72.85547,19.33222],[72.85587,19.33223],[72.85579,19.33143],[72.85545,19.33148],[72.85539,19.3312],[72.85575,19.33114],[72.85582,19.33139],[72.8561,19.33146],[72.85652,19.33263],[72.85624,19.33273],[72.85632,19.33319],[72.85552,19.3333],[72.8554,19.33303],[72.85543,19.33266],[72.85485,19.33248]]]}},{"type":"Feature","properties":{"kind":"farmland"},"geometry":{"type":"Polygon","coordinates":[[[72.85684,19.33333],[72.85681,19.33294],[72.85695,19.33287],[72.85694,19.33271],[72.8571,19.33267],[72.85715,19.3324],[72.85738,19.33244],[72.85743,19.3333],[72.85684,19.33333]]]}},{"type":"Feature","properties":{"kind":"farmland"},"geometry":{"type":"Polygon","coordinates":[[[72.84445,19.33361],[72.84452,19.33253],[72.84669,19.33268],[72.84657,19.3339],[72.84551,19.33336],[72.84445,19.33361]]]}},{"type":"Feature","properties":{"kind":"farmland"},"geometry":{"type":"Polygon","coordinates":[[[72.84452,19.33247],[72.84452,19.33209],[72.84469,19.33183],[72.84598,19.33166],[72.84694,19.3317],[72.84679,19.33266],[72.84452,19.33247]]]}},{"type":"Feature","properties":{"kind":"farmland"},"geometry":{"type":"Polygon","coordinates":[[[72.84758,19.33485],[72.84707,19.33418],[72.84662,19.33396],[72.84671,19.33328],[72.84985,19.33261],[72.84958,19.33704],[72.84841,19.33707],[72.8481,19.33541],[72.84758,19.33485]]]}},{"type":"Feature","properties":{"kind":"wetland"},"geometry":{"type":"Polygon","coordinates":[[[72.8115,19.21684],[72.81189,19.21672],[72.81499,19.21824],[72.81531,19.21915],[72.81519,19.22004],[72.81485,19.22069],[72.81525,19.22084],[72.81393,19.22218],[72.81297,19.22268],[72.81237,19.22071],[72.81211,19.22043],[72.81156,19.22053],[72.81133,19.21942],[72.81133,19.21737],[72.8115,19.21684]]]}},{"type":"Feature","properties":{"kind":"scrub"},"geometry":{"type":"Polygon","coordinates":[[[72.83181,19.22692],[72.82913,19.22995],[72.82959,19.22998],[72.82962,19.2302],[72.82925,19.23026],[72.82934,19.23069],[72.82954,19.23065],[72.82959,19.23082],[72.83007,19.23074],[72.83027,19.23204],[72.83106,19.23192],[72.83087,19.23093],[72.83073,19.23093],[72.83068,19.23064],[72.83128,19.23053],[72.83138,19.23095],[72.83152,19.23094],[72.83165,19.23162],[72.83285,19.23142],[72.83268,19.23045],[72.83229,19.2305],[72.83219,19.22984],[72.83336,19.22969],[72.83311,19.22773],[72.83303,19.22757],[72.83181,19.22692]]]}},{"type":"Feature","properties":{"kind":"wetland"},"geometry":{"type":"Polygon","coordinates":[[[72.83181,19.22692],[72.83303,19.22757],[72.83311,19.22773],[72.83358,19.22764],[72.834,19.22735],[72.83416,19.22737],[72.83415,19.22752],[72.83443,19.22752],[72.8343,19.22705],[72.83383,19.22692],[72.83425,19.22682],[72.8341,19.22602],[72.83227,19.22639],[72.83181,19.22692]]]}},{"type":"Feature","properties":{"kind":"farmland"},"geometry":{"type":"Polygon","coordinates":[[[72.86087,19.08951],[72.86159,19.09006],[72.86326,19.09005],[72.86387,19.08954],[72.86087,19.08951]]]}},{"type":"Feature","properties":{"kind":"farmland"},"geometry":{"type":"Polygon","coordinates":[[[72.86083,19.08945],[72.86392,19.08949],[72.86422,19.08914],[72.86388,19.089],[72.86087,19.08893],[72.86083,19.08945]]]}},{"type":"Feature","properties":{"kind":"farmland"},"geometry":{"type":"Polygon","coordinates":[[[72.86454,19.08998],[72.86503,19.09006],[72.86532,19.08982],[72.86535,19.0896],[72.86483,19.08956],[72.86454,19.08998]]]}},{"type":"Feature","properties":{"kind":"farmland"},"geometry":{"type":"Polygon","coordinates":[[[72.86544,19.08964],[72.86514,19.09007],[72.86582,19.09007],[72.8661,19.08984],[72.86606,19.08973],[72.86544,19.08964]]]}},{"type":"Feature","properties":{"kind":"farmland"},"geometry":{"type":"Polygon","coordinates":[[[72.83486,19.22346],[72.83564,19.22256],[72.83595,19.2219],[72.83597,19.22162],[72.83525,19.22163],[72.83518,19.21988],[72.83496,19.21987],[72.83482,19.22024],[72.83489,19.22214],[72.83463,19.22304],[72.83486,19.22346]]]}},{"type":"Feature","properties":{"kind":"farmland"},"geometry":{"type":"Polygon","coordinates":[[[72.83836,19.22565],[72.83837,19.22469],[72.83899,19.22469],[72.83901,19.22406],[72.84065,19.22405],[72.84066,19.22588],[72.83981,19.22599],[72.83945,19.22564],[72.83836,19.22565]]]}},{"type":"Feature","properties":{"kind":"scrub"},"geometry":{"type":"Polygon","coordinates":[[[72.83483,19.2195],[72.83527,19.21951],[72.83521,19.21829],[72.83657,19.21826],[72.83722,19.21745],[72.83789,19.21736],[72.83789,19.21697],[72.83462,19.2171],[72.83483,19.2195]]]}},{"type":"Feature","properties":{"kind":"farmland"},"geometry":{"type":"Polygon","coordinates":[[[72.84251,19.22381],[72.8425,19.22329],[72.84322,19.22326],[72.84321,19.22381],[72.84251,19.22381]]]}},{"type":"Feature","properties":{"kind":"wetland"},"geometry":{"type":"Polygon","coordinates":[[[72.82776,19.22346],[72.82856,19.22297],[72.82861,19.22198],[72.82778,19.2227],[72.82768,19.22324],[72.82776,19.22346]]]}},{"type":"Feature","properties":{"kind":"forest"},"geometry":{"type":"Polygon","coordinates":[[[72.81282,19.1425],[72.81323,19.1428],[72.81403,19.14196],[72.81496,19.14056],[72.81441,19.14031],[72.81383,19.14148],[72.81308,19.14114],[72.81304,19.14122],[72.81328,19.14134],[72.81317,19.14153],[72.81327,19.14157],[72.81282,19.1425]]]}},{"type":"Feature","properties":{"kind":"farmland"},"geometry":{"type":"Polygon","coordinates":[[[72.86212,19.10396],[72.86156,19.1045],[72.86184,19.10462],[72.86186,19.10508],[72.86493,19.10515],[72.86716,19.10446],[72.86627,19.103],[72.86373,19.10292],[72.86371,19.10386],[72.86254,19.10399],[72.8622,19.10387],[72.86212,19.10396]]]}},{"type":"Feature","properties":{"kind":"wetland"},"geometry":{"type":"Polygon","coordinates":[[[72.82302,19.08078],[72.82232,19.08168],[72.82242,19.08181],[72.82296,19.08185],[72.8232,19.08217],[72.82321,19.08258],[72.82413,19.08221],[72.82394,19.08165],[72.82302,19.08078]]]}},{"type":"Feature","properties":{"kind":"wetland"},"geometry":{"type":"Polygon","coordinates":[[[72.82326,19.08265],[72.82412,19.08228],[72.82399,19.08343],[72.82328,19.08362],[72.82324,19.08347],[72.82337,19.08338],[72.82312,19.08271],[72.82326,19.08265]]]}},{"type":"Feature","properties":{"kind":"wetland"},"geometry":{"type":"Polygon","coordinates":[[[72.81089,19.15776],[72.8105,19.15818],[72.81056,19.15878],[72.81026,19.15939],[72.81039,19.16012],[72.81032,19.16067],[72.80962,19.16133],[72.80838,19.16288],[72.80801,19.16365],[72.80729,19.16402],[72.80641,19.16401],[72.80539,19.16346],[72.80426,19.16411],[72.80406,19.16578],[72.80431,19.16739],[72.80786,19.17028],[72.8089,19.17246],[72.81074,19.1726],[72.81204,19.17438],[72.8128,19.17307],[72.81361,19.17114],[72.8171,19.16683],[72.81371,19.16306],[72.81243,19.16022],[72.81089,19.15776]]]}},{"type":"Feature","properties":{"kind":"wetland"},"geometry":{"type":"Polygon","coordinates":[[[72.81897,19.17428],[72.81855,19.17257],[72.81819,19.17265],[72.81859,19.17206],[72.81929,19.17051],[72.81903,19.1693],[72.81835,19.16824],[72.8171,19.16683],[72.81262,19.17237],[72.81224,19.1725],[72.8128,19.17307],[72.8125,19.17298],[72.81256,19.17318],[72.81199,19.17392],[72.81195,19.17433],[72.81173,19.17461],[72.81188,19.17476],[72.81183,19.17506],[72.81249,19.17687],[72.81286,19.17702],[72.81427,19.17587],[72.81457,19.17539],[72.81522,19.17485],[72.81553,19.17409],[72.81587,19.1739],[72.81686,19.17383],[72.81699,19.17435],[72.81726,19.17461],[72.81743,19.17542],[72.81884,19.17798],[72.81964,19.17902],[72.82042,19.18098],[72.82148,19.18296],[72.8227,19.18343],[72.82284,19.18292],[72.8223,19.18239],[72.82218,19.18188],[72.8215,19.18161],[72.82138,19.18084],[72.82223,19.18132],[72.82477,19.18076],[72.82571,19.18037],[72.82586,19.18135],[72.82529,19.18182],[72.82471,19.18271],[72.82508,19.18732],[72.82505,19.18813],[72.82538,19.18921],[72.82617,19.18938],[72.82658,19.18974],[72.82756,19.19025],[72.82787,19.19175],[72.82757,19.19251],[72.82825,19.19353],[72.82847,19.19429],[72.82841,19.19482],[72.82852,19.19513],[72.82886,19.19487],[72.82963,19.19496],[72.82861,19.19325],[72.8286,19.19298],[72.82893,19.19041],[72.82989,19.18882],[72.82996,19.18837],[72.82983,19.18791],[72.82843,19.18663],[72.82794,19.1858],[72.82778,19.18413],[72.82748,19.18304],[72.82766,19.18241],[72.82888,19.18094],[72.82926,19.1802],[72.82936,19.1788],[72.82915,19.17729],[72.82887,19.17698],[72.82784,19.17658],[72.82657,19.17479],[72.8256,19.1741],[72.82476,19.1738],[72.82288,19.17252],[72.82193,19.17173],[72.82178,19.17068],[72.82056,19.16999],[72.81911,19.17243],[72.81906,19.17301],[72.81926,19.17419],[72.81917,19.17434],[72.81897,19.17428]]]}},{"type":"Feature","properties":{"kind":"forest"},"geometry":{"type":"Polygon","coordinates":[[[72.90437,19.28733],[72.90427,19.28704],[72.90387,19.28714],[72.90376,19.28644],[72.9039,19.28642],[72.90389,19.28615],[72.90372,19.2862],[72.90371,19.28607],[72.9032,19.28619],[72.9035,19.28751],[72.90437,19.28733]]]}},{"type":"Feature","properties":{"kind":"forest"},"geometry":{"type":"Polygon","coordinates":[[[72.90011,19.28576],[72.89966,19.28559],[72.89978,19.28605],[72.89939,19.2863],[72.89941,19.2865],[72.89914,19.28686],[72.8988,19.28689],[72.89865,19.28674],[72.89863,19.28707],[72.89849,19.28714],[72.8982,19.28713],[72.89808,19.28697],[72.89739,19.28728],[72.89799,19.28756],[72.89906,19.2884],[72.89854,19.28864],[72.89812,19.28856],[72.89823,19.28879],[72.89816,19.28893],[72.89937,19.2884],[72.90011,19.28576]]]}},{"type":"Feature","properties":{"kind":"farmland"},"geometry":{"type":"Polygon","coordinates":[[[72.92146,19.28005],[72.9225,19.28136],[72.92309,19.28185],[72.92284,19.28267],[72.92378,19.28318],[72.9219,19.28514],[72.92107,19.28515],[72.92096,19.28444],[72.92108,19.2833],[72.91992,19.28363],[72.9194,19.28331],[72.91843,19.28373],[72.91814,19.28358],[72.91887,19.28199],[72.91812,19.28097],[72.91796,19.2802],[72.92032,19.2813],[72.92146,19.28005]]]}},{"type":"Feature","properties":{"kind":"farmland"},"geometry":{"type":"Polygon","coordinates":[[[72.82284,19.19747],[72.82457,19.19805],[72.82456,19.19746],[72.82284,19.19747]]]}},{"type":"Feature","properties":{"kind":"farmland"},"geometry":{"type":"Polygon","coordinates":[[[72.82723,19.0967],[72.82707,19.09762],[72.82774,19.09779],[72.82815,19.09823],[72.82888,19.09829],[72.82895,19.09843],[72.83,19.09806],[72.83329,19.0986],[72.83275,19.1],[72.83277,19.1002],[72.8334,19.10043],[72.83357,19.10036],[72.83423,19.09875],[72.83509,19.09888],[72.83599,19.1001],[72.83617,19.10009],[72.8351,19.0987],[72.83414,19.09854],[72.83396,19.09869],[72.83336,19.10004],[72.83317,19.09997],[72.83377,19.09859],[72.83372,19.09847],[72.82788,19.09749],[72.82796,19.09709],[72.83145,19.09767],[72.83155,19.09749],[72.8315,19.09719],[72.83023,19.09518],[72.82991,19.09525],[72.82955,19.09512],[72.82935,19.09647],[72.82872,19.09624],[72.82849,19.09639],[72.82837,19.09677],[72.82734,19.0966],[72.82723,19.0967]]]}},{"type":"Feature","properties":{"kind":"farmland"},"geometry":{"type":"Polygon","coordinates":[[[72.83564,19.09425],[72.83579,19.0939],[72.83621,19.09402],[72.83669,19.0939],[72.83672,19.09353],[72.83496,19.09335],[72.83504,19.09385],[72.83541,19.09421],[72.83547,19.09409],[72.83564,19.09425]]]}},{"type":"Feature","properties":{"kind":"farmland"},"geometry":{"type":"Polygon","coordinates":[[[72.83629,19.09517],[72.8363,19.09503],[72.8362,19.09502],[72.83631,19.09486],[72.83617,19.09455],[72.83588,19.09445],[72.83532,19.09583],[72.83548,19.0959],[72.83619,19.09574],[72.83628,19.09524],[72.83618,19.09516],[72.83629,19.09517]]]}},{"type":"Feature","properties":{"kind":"farmland"},"geometry":{"type":"Polygon","coordinates":[[[72.83722,19.09701],[72.83714,19.09711],[72.83707,19.09698],[72.83682,19.09701],[72.83682,19.09688],[72.83615,19.09638],[72.83602,19.09594],[72.83522,19.0961],[72.8345,19.09754],[72.83452,19.09787],[72.83492,19.09826],[72.83867,19.0989],[72.8386,19.09931],[72.83609,19.09886],[72.83587,19.099],[72.83624,19.09947],[72.83886,19.09959],[72.83911,19.09923],[72.83915,19.09773],[72.83899,19.09745],[72.83884,19.09745],[72.83864,19.09772],[72.83793,19.09733],[72.83767,19.09763],[72.83786,19.09726],[72.83758,19.09709],[72.83729,19.09741],[72.83744,19.09705],[72.83706,19.09739],[72.83703,19.09727],[72.83733,19.09703],[72.83722,19.09701]]]}},{"type":"Feature","properties":{"kind":"farmland"},"geometry":{"type":"Polygon","coordinates":[[[72.83373,19.0938],[72.83267,19.09385],[72.83275,19.09312],[72.83355,19.0932],[72.83355,19.09353],[72.83373,19.0938]]]}},{"type":"Feature","properties":{"kind":"farmland"},"geometry":{"type":"Polygon","coordinates":[[[72.8336,19.0932],[72.8336,19.09352],[72.83384,19.09403],[72.83362,19.09395],[72.83362,19.0942],[72.83326,19.09421],[72.83317,19.09393],[72.83266,19.09392],[72.83262,19.09426],[72.83307,19.09431],[72.83343,19.09499],[72.83326,19.0951],[72.83334,19.09521],[72.83309,19.09536],[72.83437,19.09698],[72.83544,19.09454],[72.83487,19.09378],[72.83488,19.09334],[72.8336,19.0932]]]}},{"type":"Feature","properties":{"kind":"farmland"},"geometry":{"type":"Polygon","coordinates":[[[72.83353,19.09736],[72.83349,19.09746],[72.83338,19.09742],[72.83361,19.09705],[72.83216,19.0959],[72.83191,19.09602],[72.83142,19.09551],[72.83217,19.09495],[72.8321,19.09461],[72.8323,19.09434],[72.83247,19.0943],[72.83262,19.09311],[72.83039,19.09288],[72.83026,19.09495],[72.83202,19.09771],[72.83377,19.09805],[72.83411,19.0978],[72.83415,19.09748],[72.83407,19.09742],[72.83385,19.09758],[72.834,19.09736],[72.83371,19.09713],[72.83353,19.09736]]]}},{"type":"Feature","properties":{"kind":"farmland"},"geometry":{"type":"Polygon","coordinates":[[[72.86769,19.08836],[72.86858,19.08739],[72.86808,19.08731],[72.86743,19.08786],[72.86666,19.08784],[72.86636,19.08823],[72.86659,19.08834],[72.86769,19.08836]]]}},{"type":"Feature","properties":{"kind":"farmland"},"geometry":{"type":"Polygon","coordinates":[[[72.87204,19.09088],[72.87207,19.09097],[72.87135,19.09108],[72.86958,19.09105],[72.8687,19.09086],[72.86961,19.09071],[72.87136,19.09075],[72.87204,19.09088]]]}},{"type":"Feature","properties":{"kind":"farmland"},"geometry":{"type":"Polygon","coordinates":[[[72.86559,19.09201],[72.86537,19.09176],[72.86535,19.09149],[72.86615,19.0915],[72.86663,19.09166],[72.86659,19.09181],[72.866,19.09225],[72.86559,19.09201]]]}},{"type":"Feature","properties":{"kind":"farmland"},"geometry":{"type":"Polygon","coordinates":[[[72.86709,19.09074],[72.86608,19.09078],[72.86619,19.09094],[72.86692,19.09107],[72.86749,19.09086],[72.86709,19.09074]]]}},{"type":"Feature","properties":{"kind":"farmland"},"geometry":{"type":"Polygon","coordinates":[[[72.86629,19.08965],[72.86696,19.08905],[72.86544,19.08902],[72.86486,19.08948],[72.86629,19.08965]]]}},{"type":"Feature","properties":{"kind":"farmland"},"geometry":{"type":"Polygon","coordinates":[[[72.88005,19.08968],[72.8791,19.08918],[72.87859,19.08924],[72.87841,19.08966],[72.88005,19.08968]]]}},{"type":"Feature","properties":{"kind":"farmland"},"geometry":{"type":"Polygon","coordinates":[[[72.88018,19.08983],[72.88007,19.0902],[72.87935,19.09028],[72.87926,19.09017],[72.87939,19.08974],[72.88018,19.08983]]]}},{"type":"Feature","properties":{"kind":"farmland"},"geometry":{"type":"Polygon","coordinates":[[[72.87841,19.08973],[72.8793,19.08974],[72.87918,19.09016],[72.87864,19.09019],[72.87846,19.09014],[72.87841,19.08973]]]}},{"type":"Feature","properties":{"kind":"farmland"},"geometry":{"type":"Polygon","coordinates":[[[72.87773,19.08965],[72.8748,19.08962],[72.87478,19.08939],[72.87489,19.08913],[72.87737,19.08918],[72.87767,19.08939],[72.87773,19.08965]]]}},{"type":"Feature","properties":{"kind":"farmland"},"geometry":{"type":"Polygon","coordinates":[[[72.87772,19.08971],[72.8748,19.08968],[72.87493,19.09012],[72.87675,19.09027],[72.87765,19.09017],[72.87772,19.08971]]]}},{"type":"Feature","properties":{"kind":"farmland"},"geometry":{"type":"Polygon","coordinates":[[[72.87371,19.09016],[72.87366,19.08966],[72.87178,19.08963],[72.87273,19.09014],[72.87371,19.09016]]]}},{"type":"Feature","properties":{"kind":"farmland"},"geometry":{"type":"Polygon","coordinates":[[[72.87102,19.08919],[72.87168,19.08958],[72.87371,19.08959],[72.87371,19.08923],[72.87359,19.08911],[72.87109,19.08908],[72.87102,19.08919]]]}},{"type":"Feature","properties":{"kind":"farmland"},"geometry":{"type":"Polygon","coordinates":[[[72.86968,19.0896],[72.87064,19.08962],[72.87108,19.09],[72.87018,19.09017],[72.86946,19.09009],[72.86941,19.08994],[72.86968,19.0896]]]}},{"type":"Feature","properties":{"kind":"farmland"},"geometry":{"type":"Polygon","coordinates":[[[72.8676,19.08952],[72.86904,19.08954],[72.86928,19.08916],[72.86798,19.08904],[72.86755,19.08942],[72.8676,19.08952]]]}},{"type":"Feature","properties":{"kind":"farmland"},"geometry":{"type":"Polygon","coordinates":[[[72.86769,19.09006],[72.86828,19.08959],[72.86899,19.0896],[72.86839,19.09008],[72.86769,19.09006]]]}},{"type":"Feature","properties":{"kind":"farmland"},"geometry":{"type":"Polygon","coordinates":[[[72.86758,19.09008],[72.86803,19.08957],[72.86739,19.0896],[72.86709,19.08991],[72.86711,19.09001],[72.86758,19.09008]]]}},{"type":"Feature","properties":{"kind":"farmland"},"geometry":{"type":"Polygon","coordinates":[[[72.85986,19.08998],[72.85978,19.08948],[72.85885,19.08946],[72.85852,19.08982],[72.85924,19.09001],[72.85986,19.08998]]]}},{"type":"Feature","properties":{"kind":"farmland"},"geometry":{"type":"Polygon","coordinates":[[[72.85797,19.08946],[72.85702,19.09],[72.85677,19.08995],[72.85687,19.08944],[72.85797,19.08946]]]}},{"type":"Feature","properties":{"kind":"farmland"},"geometry":{"type":"Polygon","coordinates":[[[72.85591,19.08935],[72.85747,19.08894],[72.8589,19.08893],[72.85809,19.08939],[72.85591,19.08935]]]}},{"type":"Feature","properties":{"kind":"farmland"},"geometry":{"type":"Polygon","coordinates":[[[72.85577,19.08941],[72.85664,19.08943],[72.85671,19.08998],[72.85567,19.08996],[72.85526,19.08981],[72.85528,19.08965],[72.85577,19.08941]]]}},{"type":"Feature","properties":{"kind":"farmland"},"geometry":{"type":"Polygon","coordinates":[[[72.85159,19.08929],[72.85163,19.08901],[72.85188,19.08882],[72.85285,19.08888],[72.85217,19.0893],[72.85159,19.08929]]]}},{"type":"Feature","properties":{"kind":"farmland"},"geometry":{"type":"Polygon","coordinates":[[[72.85441,19.08939],[72.85322,19.08938],[72.85278,19.08971],[72.85294,19.08985],[72.85332,19.08986],[72.85441,19.08939]]]}},{"type":"Feature","properties":{"kind":"farmland"},"geometry":{"type":"Polygon","coordinates":[[[72.85534,19.08889],[72.85535,19.08899],[72.85454,19.08934],[72.85338,19.08931],[72.85444,19.08898],[72.85534,19.08889]]]}},{"type":"Feature","properties":{"kind":"farmland"},"geometry":{"type":"Polygon","coordinates":[[[72.88024,19.08789],[72.88037,19.08805],[72.88026,19.08843],[72.88106,19.08853],[72.88105,19.08935],[72.88082,19.08938],[72.88083,19.08968],[72.88142,19.08964],[72.88105,19.08804],[72.88024,19.08789]]]}},{"type":"Feature","properties":{"kind":"farmland"},"geometry":{"type":"Polygon","coordinates":[[[72.87318,19.08754],[72.8742,19.0865],[72.87506,19.08629],[72.8752,19.08718],[72.87512,19.08596],[72.87585,19.08576],[72.87616,19.08602],[72.8764,19.08652],[72.8766,19.08736],[72.877,19.08724],[72.87816,19.08733],[72.87839,19.08747],[72.87862,19.08786],[72.88013,19.08788],[72.87998,19.08807],[72.88018,19.08843],[72.87985,19.08843],[72.87985,19.08852],[72.87352,19.08844],[72.87332,19.08831],[72.87318,19.08754]]]}},{"type":"Feature","properties":{"kind":"farmland"},"geometry":{"type":"Polygon","coordinates":[[[72.87309,19.08739],[72.87322,19.0884],[72.87216,19.08842],[72.87216,19.08807],[72.872,19.08807],[72.872,19.08841],[72.87169,19.08841],[72.8717,19.08804],[72.87155,19.08805],[72.87154,19.08841],[72.87115,19.0884],[72.87204,19.08739],[72.87264,19.08742],[72.87275,19.08764],[72.87288,19.08739],[72.87309,19.08739]]]}},{"type":"Feature","properties":{"kind":"farmland"},"geometry":{"type":"Polygon","coordinates":[[[72.87486,19.08613],[72.87477,19.086],[72.87461,19.08603],[72.87456,19.08617],[72.87468,19.08628],[72.87504,19.0862],[72.87417,19.08644],[72.87331,19.08732],[72.87313,19.08732],[72.87298,19.08651],[72.8748,19.08485],[72.87506,19.08608],[72.87486,19.08613]]]}},{"type":"Feature","properties":{"kind":"farmland"},"geometry":{"type":"Polygon","coordinates":[[[72.87306,19.08732],[72.87291,19.08659],[72.87212,19.08732],[72.87306,19.08732]]]}},{"type":"Feature","properties":{"kind":"farmland"},"geometry":{"type":"Polygon","coordinates":[[[72.84442,19.08805],[72.84414,19.08802],[72.84389,19.089],[72.84394,19.08956],[72.84415,19.09],[72.84424,19.08985],[72.84412,19.08971],[72.84408,19.08868],[72.84419,19.08824],[72.84442,19.08805]]]}},{"type":"Feature","properties":{"kind":"farmland"},"geometry":{"type":"Polygon","coordinates":[[[72.84836,19.09007],[72.8476,19.08949],[72.84759,19.08929],[72.84726,19.08968],[72.84632,19.0898],[72.84643,19.09006],[72.84836,19.09007]]]}},{"type":"Feature","properties":{"kind":"farmland"},"geometry":{"type":"Polygon","coordinates":[[[72.84926,19.08993],[72.84766,19.08942],[72.84841,19.09006],[72.84864,19.08998],[72.84913,19.09014],[72.84926,19.08993]]]}},{"type":"Feature","properties":{"kind":"farmland"},"geometry":{"type":"Polygon","coordinates":[[[72.8476,19.08786],[72.8476,19.08749],[72.84794,19.08716],[72.84654,19.08716],[72.84537,19.08781],[72.84441,19.08816],[72.84419,19.08874],[72.84478,19.08897],[72.84434,19.08898],[72.84419,19.08911],[72.84434,19.08981],[72.84449,19.08994],[72.84556,19.08989],[72.8466,19.08964],[72.84722,19.08962],[72.84758,19.08925],[72.84758,19.08896],[72.84601,19.08886],[72.84758,19.0889],[72.84755,19.08794],[72.8455,19.08783],[72.8476,19.08786]]]}},{"type":"Feature","properties":{"kind":"farmland"},"geometry":{"type":"Polygon","coordinates":[[[72.86045,19.09353],[72.86073,19.09365],[72.8623,19.09319],[72.86271,19.09295],[72.86385,19.09189],[72.86392,19.09154],[72.86329,19.09079],[72.86282,19.0906],[72.86269,19.09075],[72.86275,19.09105],[72.86311,19.09137],[72.86281,19.09165],[72.86254,19.09161],[72.8628,19.09185],[72.8614,19.09325],[72.86111,19.09302],[72.86049,19.09336],[72.86045,19.09353]]]}},{"type":"Feature","properties":{"kind":"farmland"},"geometry":{"type":"Polygon","coordinates":[[[72.85684,19.10033],[72.85636,19.10066],[72.85599,19.10055],[72.85538,19.09947],[72.85533,19.09903],[72.8557,19.09909],[72.85684,19.10033]]]}},{"type":"Feature","properties":{"kind":"farmland"},"geometry":{"type":"Polygon","coordinates":[[[72.8569,19.09838],[72.85681,19.09799],[72.85694,19.09774],[72.85719,19.0976],[72.85762,19.09765],[72.85984,19.09548],[72.85967,19.09503],[72.85939,19.09521],[72.85931,19.09508],[72.85925,19.09527],[72.8579,19.09651],[72.85765,19.09695],[72.8573,19.09708],[72.85539,19.09889],[72.85567,19.09899],[72.85672,19.1],[72.85767,19.0992],[72.85727,19.09881],[72.85697,19.09909],[72.85657,19.0987],[72.8569,19.09838]]]}},{"type":"Feature","properties":{"kind":"farmland"},"geometry":{"type":"Polygon","coordinates":[[[72.85807,19.09958],[72.85773,19.09925],[72.85684,19.1001],[72.85701,19.10019],[72.85774,19.0996],[72.85807,19.09958]]]}},{"type":"Feature","properties":{"kind":"farmland"},"geometry":{"type":"Polygon","coordinates":[[[72.85969,19.09746],[72.85889,19.09818],[72.8592,19.09846],[72.85944,19.09831],[72.85969,19.09746]]]}},{"type":"Feature","properties":{"kind":"farmland"},"geometry":{"type":"Polygon","coordinates":[[[72.85884,19.09813],[72.85972,19.09732],[72.85987,19.09654],[72.85862,19.09768],[72.85861,19.09791],[72.85884,19.09813]]]}},{"type":"Feature","properties":{"kind":"farmland"},"geometry":{"type":"Polygon","coordinates":[[[72.86308,19.09423],[72.86325,19.09344],[72.86139,19.09516],[72.86097,19.09593],[72.86109,19.09606],[72.86308,19.09423]]]}},{"type":"Feature","properties":{"kind":"farmland"},"geometry":{"type":"Polygon","coordinates":[[[72.86483,19.0931],[72.86462,19.09289],[72.86389,19.09355],[72.86381,19.09381],[72.8631,19.09446],[72.86309,19.0943],[72.86113,19.09611],[72.86136,19.0964],[72.8618,19.09619],[72.86216,19.09656],[72.86287,19.09581],[72.86271,19.09551],[72.86306,19.0951],[72.86485,19.0934],[72.86464,19.09318],[72.86483,19.0931]]]}},{"type":"Feature","properties":{"kind":"farmland"},"geometry":{"type":"Polygon","coordinates":[[[72.86589,19.09321],[72.8651,19.09244],[72.86468,19.09284],[72.86516,19.09319],[72.8655,19.09309],[72.86589,19.09321]]]}},{"type":"Feature","properties":{"kind":"farmland"},"geometry":{"type":"Polygon","coordinates":[[[72.86401,19.09336],[72.86505,19.09241],[72.86459,19.09227],[72.86401,19.09336]]]}},{"type":"Feature","properties":{"kind":"farmland"},"geometry":{"type":"Polygon","coordinates":[[[72.85637,19.08716],[72.85637,19.08695],[72.8469,19.08689],[72.84641,19.08715],[72.85637,19.08716]]]}},{"type":"Feature","properties":{"kind":"farmland"},"geometry":{"type":"Polygon","coordinates":[[[72.85893,19.08762],[72.85901,19.08729],[72.85818,19.08698],[72.85794,19.08704],[72.85863,19.0876],[72.85893,19.08762]]]}},{"type":"Feature","properties":{"kind":"farmland"},"geometry":{"type":"Polygon","coordinates":[[[72.85928,19.08699],[72.85924,19.08641],[72.85847,19.08616],[72.85849,19.08567],[72.85772,19.08608],[72.85772,19.08646],[72.85833,19.08654],[72.85928,19.08699]]]}},{"type":"Feature","properties":{"kind":"farmland"},"geometry":{"type":"Polygon","coordinates":[[[72.88123,19.08979],[72.88081,19.08978],[72.8808,19.09105],[72.88006,19.09104],[72.87932,19.09086],[72.87914,19.09098],[72.87915,19.09113],[72.88054,19.09134],[72.88121,19.09126],[72.88123,19.08979]]]}},{"type":"Feature","properties":{"kind":"farmland"},"geometry":{"type":"Polygon","coordinates":[[[72.87757,19.09094],[72.87584,19.09081],[72.87495,19.09094],[72.87585,19.09113],[72.87671,19.09114],[72.87759,19.09103],[72.87757,19.09094]]]}},{"type":"Feature","properties":{"kind":"farmland"},"geometry":{"type":"Polygon","coordinates":[[[72.87783,19.08075],[72.87734,19.0812],[72.87599,19.08373],[72.87488,19.08478],[72.87497,19.08506],[72.87526,19.08503],[72.87561,19.08439],[72.87597,19.08421],[72.87691,19.08299],[72.87783,19.08075]]]}},{"type":"Feature","properties":{"kind":"farmland"},"geometry":{"type":"Polygon","coordinates":[[[72.87713,19.0807],[72.87751,19.08035],[72.87687,19.07973],[72.8763,19.08025],[72.87552,19.07989],[72.87486,19.0801],[72.8746,19.07992],[72.87548,19.07951],[72.87611,19.07986],[72.87733,19.07926],[72.87775,19.07927],[72.87811,19.07975],[72.87783,19.08064],[72.87733,19.08113],[72.87713,19.0807]]]}},{"type":"Feature","properties":{"kind":"farmland"},"geometry":{"type":"Polygon","coordinates":[[[72.87076,19.0845],[72.87156,19.08376],[72.87161,19.08357],[72.86967,19.08497],[72.86954,19.08542],[72.8705,19.08475],[72.87036,19.0846],[72.87043,19.08442],[72.87062,19.08438],[72.87076,19.0845]]]}},{"type":"Feature","properties":{"kind":"farmland"},"geometry":{"type":"Polygon","coordinates":[[[72.86871,19.08666],[72.87533,19.08054],[72.87399,19.08111],[72.87151,19.08331],[72.87166,19.08372],[72.87021,19.08508],[72.8682,19.08653],[72.86871,19.08666]]]}},{"type":"Feature","properties":{"kind":"farmland"},"geometry":{"type":"Polygon","coordinates":[[[72.86879,19.08667],[72.86955,19.08598],[72.86987,19.08624],[72.8695,19.0867],[72.86879,19.08667]]]}},{"type":"Feature","properties":{"kind":"farmland"},"geometry":{"type":"Polygon","coordinates":[[[72.87266,19.08378],[72.87576,19.08091],[72.87579,19.08077],[72.87554,19.08051],[72.86968,19.08595],[72.87004,19.08619],[72.87078,19.08544],[72.87137,19.08451],[72.87244,19.08358],[72.87266,19.08378]]]}},{"type":"Feature","properties":{"kind":"farmland"},"geometry":{"type":"Polygon","coordinates":[[[72.87607,19.08226],[72.87657,19.0817],[72.87649,19.08118],[72.87551,19.08211],[72.87607,19.08226]]]}},{"type":"Feature","properties":{"kind":"farmland"},"geometry":{"type":"Polygon","coordinates":[[[72.87561,19.08266],[72.87358,19.08453],[72.87281,19.08467],[72.87407,19.08345],[72.87468,19.08304],[72.87561,19.08266]]]}},{"type":"Feature","properties":{"kind":"farmland"},"geometry":{"type":"Polygon","coordinates":[[[72.87574,19.08269],[72.87585,19.08284],[72.87576,19.0832],[72.87537,19.08375],[72.87478,19.08422],[72.8738,19.08447],[72.87574,19.08269]]]}},{"type":"Feature","properties":{"kind":"farmland"},"geometry":{"type":"Polygon","coordinates":[[[72.87292,19.08526],[72.87229,19.08584],[72.87263,19.08618],[72.87278,19.08615],[72.87341,19.08537],[72.87319,19.0852],[72.87292,19.08526]]]}},{"type":"Feature","properties":{"kind":"farmland"},"geometry":{"type":"Polygon","coordinates":[[[72.87126,19.0867],[72.87209,19.08594],[72.87208,19.0858],[72.87184,19.0857],[72.8708,19.08652],[72.87092,19.08665],[72.87126,19.0867]]]}},{"type":"Feature","properties":{"kind":"farmland"},"geometry":{"type":"Polygon","coordinates":[[[72.87135,19.08671],[72.87216,19.08596],[72.87259,19.08623],[72.8721,19.08669],[72.87135,19.08671]]]}},{"type":"Feature","properties":{"kind":"farmland"},"geometry":{"type":"Polygon","coordinates":[[[72.85787,19.08822],[72.85817,19.08802],[72.85734,19.08724],[72.85249,19.0872],[72.85249,19.08757],[72.85134,19.08755],[72.85135,19.08718],[72.84803,19.08715],[72.8477,19.08751],[72.8477,19.088],[72.8478,19.08807],[72.84873,19.0881],[72.84899,19.08788],[72.84975,19.08788],[72.85003,19.08811],[72.85787,19.08822]]]}},{"type":"Feature","properties":{"kind":"farmland"},"geometry":{"type":"Polygon","coordinates":[[[72.86594,19.08754],[72.86514,19.08832],[72.86004,19.08825],[72.85938,19.08804],[72.85983,19.08752],[72.86554,19.08764],[72.86594,19.08754]]]}},{"type":"Feature","properties":{"kind":"farmland"},"geometry":{"type":"Polygon","coordinates":[[[72.87064,19.08735],[72.87103,19.08743],[72.87105,19.08761],[72.87083,19.08786],[72.87036,19.08783],[72.87029,19.08768],[72.87064,19.08735]]]}},{"type":"Feature","properties":{"kind":"farmland"},"geometry":{"type":"Polygon","coordinates":[[[72.86871,19.08836],[72.86992,19.08734],[72.87055,19.08734],[72.87022,19.08773],[72.87037,19.0879],[72.87079,19.08791],[72.87032,19.08839],[72.86871,19.08836]]]}},{"type":"Feature","properties":{"kind":"farmland"},"geometry":{"type":"Polygon","coordinates":[[[72.86801,19.0873],[72.86778,19.0875],[72.86733,19.08753],[72.86716,19.08779],[72.8667,19.08779],[72.86725,19.08732],[72.86801,19.0873]]]}},{"type":"Feature","properties":{"kind":"farmland"},"geometry":{"type":"Polygon","coordinates":[[[72.90059,19.10625],[72.90089,19.10752],[72.90007,19.10773],[72.89972,19.10645],[72.90059,19.10625]]]}},{"type":"Feature","properties":{"kind":"farmland"},"geometry":{"type":"Polygon","coordinates":[[[72.82583,19.20056],[72.82538,19.19982],[72.82543,19.19962],[72.82672,19.19886],[72.82695,19.19916],[72.82707,19.19908],[72.82717,19.19926],[72.82732,19.19926],[72.82745,19.19968],[72.82583,19.20056]]]}},{"type":"Feature","properties":{"kind":"farmland"},"geometry":{"type":"Polygon","coordinates":[[[72.87674,19.29635],[72.87719,19.29599],[72.87648,19.2952],[72.87603,19.29556],[72.87674,19.29635]]]}},{"type":"Feature","properties":{"kind":"farmland"},"geometry":{"type":"Polygon","coordinates":[[[72.88167,19.09561],[72.88091,19.09536],[72.88075,19.09567],[72.88141,19.09606],[72.88161,19.09589],[72.88167,19.09561]]]}},{"type":"Feature","properties":{"kind":"farmland"},"geometry":{"type":"Polygon","coordinates":[[[72.88042,19.09424],[72.88065,19.09446],[72.88087,19.09448],[72.88081,19.09543],[72.8807,19.09531],[72.88046,19.09542],[72.87999,19.09462],[72.88042,19.09424]]]}},{"type":"Feature","properties":{"kind":"forest"},"geometry":{"type":"Polygon","coordinates":[[[72.90692,19.11921],[72.9069,19.11893],[72.90711,19.11839],[72.90729,19.11833],[72.9074,19.11883],[72.90767,19.11863],[72.90793,19.11875],[72.90822,19.11932],[72.90717,19.11957],[72.90701,19.1195],[72.90692,19.11921]]]}},{"type":"Feature","properties":{"kind":"wetland"},"geometry":{"type":"Polygon","coordinates":[[[72.8177,19.20184],[72.81803,19.20126],[72.81976,19.20102],[72.81982,19.20194],[72.8177,19.20184]]]}},{"type":"Feature","properties":{"kind":"scrub"},"geometry":{"type":"Polygon","coordinates":[[[72.88124,19.18163],[72.88155,19.17905],[72.88261,19.17918],[72.88486,19.18005],[72.88584,19.17997],[72.88608,19.17976],[72.88568,19.17889],[72.88563,19.17815],[72.88543,19.17816],[72.88549,19.17896],[72.88578,19.17962],[72.88564,19.17973],[72.88492,19.17973],[72.88401,19.17919],[72.88404,19.17902],[72.88365,19.17853],[72.88365,19.17822],[72.88448,19.17798],[72.88439,19.1769],[72.88491,19.17683],[72.88495,19.17665],[72.88262,19.17529],[72.88294,19.16757],[72.88997,19.16887],[72.88934,19.1819],[72.88124,19.18163]]]}},{"type":"Feature","properties":{"kind":"wetland"},"geometry":{"type":"Polygon","coordinates":[[[72.85189,19.29427],[72.85219,19.2943],[72.85232,19.29263],[72.85197,19.29261],[72.85192,19.29315],[72.85115,19.293],[72.85109,19.29318],[72.85121,19.29337],[72.85153,19.2934],[72.85161,19.2938],[72.85193,19.29382],[72.85189,19.29427]]]}},{"type":"Feature","properties":{"kind":"farmland"},"geometry":{"type":"Polygon","coordinates":[[[72.88161,19.08898],[72.88434,19.08899],[72.8842,19.08837],[72.88151,19.08871],[72.88161,19.08898]]]}},{"type":"Feature","properties":{"kind":"farmland"},"geometry":{"type":"Polygon","coordinates":[[[72.86674,19.09894],[72.86627,19.0988],[72.86567,19.09883],[72.86524,19.09833],[72.8656,19.0969],[72.8659,19.09706],[72.8659,19.09727],[72.86745,19.09797],[72.8674,19.09856],[72.867,19.09899],[72.86674,19.09894]]]}},{"type":"Feature","properties":{"kind":"scrub"},"geometry":{"type":"Polygon","coordinates":[[[72.86388,19.1026],[72.8631,19.10237],[72.86313,19.10205],[72.86351,19.10145],[72.86421,19.10189],[72.86388,19.1026]]]}},{"type":"Feature","properties":{"kind":"wetland"},"geometry":{"type":"Polygon","coordinates":[[[72.83498,19.11819],[72.83646,19.11814],[72.83645,19.11677],[72.835,19.11683],[72.83498,19.11819]]]}},{"type":"Feature","properties":{"kind":"farmland"},"geometry":{"type":"Polygon","coordinates":[[[72.89258,19.2747],[72.8929,19.27462],[72.89302,19.27475],[72.89292,19.27438],[72.89319,19.27429],[72.89336,19.27441],[72.89326,19.27451],[72.89391,19.2747],[72.89395,19.2748],[72.89354,19.27474],[72.89351,19.27498],[72.89265,19.27499],[72.89254,19.27496],[72.89258,19.2747]]]}},{"type":"Feature","properties":{"kind":"forest"},"geometry":{"type":"Polygon","coordinates":[[[72.83011,19.19029],[72.83002,19.19056],[72.83015,19.19083],[72.83032,19.19012],[72.83146,19.19007],[72.83143,19.18968],[72.83162,19.18957],[72.83159,19.18919],[72.83051,19.18923],[72.83011,19.19029]]]}},{"type":"Feature","properties":{"kind":"forest"},"geometry":{"type":"Polygon","coordinates":[[[72.86295,19.17805],[72.86339,19.17802],[72.86343,19.17828],[72.86396,19.17818],[72.86396,19.17783],[72.86348,19.17784],[72.86349,19.17728],[72.86263,19.17722],[72.86257,19.17741],[72.86299,19.17779],[72.86295,19.17805]]]}},{"type":"Feature","properties":{"kind":"forest"},"geometry":{"type":"Polygon","coordinates":[[[72.90499,19.07962],[72.90519,19.08013],[72.9056,19.08003],[72.90546,19.07938],[72.90583,19.07917],[72.90493,19.07938],[72.90524,19.07947],[72.90499,19.07962]]]}},{"type":"Feature","properties":{"kind":"scrub"},"geometry":{"type":"Polygon","coordinates":[[[72.8737,19.23743],[72.87329,19.23729],[72.87259,19.23772],[72.87266,19.23808],[72.8729,19.23806],[72.87288,19.23905],[72.87253,19.23917],[72.87267,19.23974],[72.87243,19.23978],[72.87227,19.23932],[72.87185,19.23928],[72.87129,19.23948],[72.87138,19.23992],[72.8716,19.24008],[72.87163,19.24039],[72.87221,19.24064],[72.87215,19.24102],[72.87245,19.24105],[72.87271,19.24142],[72.87251,19.24196],[72.87355,19.24173],[72.87355,19.24158],[72.87487,19.24133],[72.87435,19.23831],[72.8737,19.23743]]]}},{"type":"Feature","properties":{"kind":"wetland"},"geometry":{"type":"Polygon","coordinates":[[[72.76715,19.24111],[72.76714,19.24167],[72.76753,19.24197],[72.76787,19.242],[72.76803,19.24179],[72.76784,19.24174],[72.76765,19.2412],[72.76738,19.24103],[72.76715,19.24111]]]}},{"type":"Feature","properties":{"kind":"forest"},"geometry":{"type":"Polygon","coordinates":[[[72.89686,19.12454],[72.89623,19.12479],[72.89627,19.12504],[72.89682,19.12521],[72.89719,19.12481],[72.89735,19.12433],[72.89686,19.12454]]]}},{"type":"Feature","properties":{"kind":"forest"},"geometry":{"type":"Polygon","coordinates":[[[72.8956,19.1281],[72.8959,19.1285],[72.89612,19.12845],[72.89637,19.12771],[72.89637,19.12709],[72.89585,19.12681],[72.89511,19.12688],[72.89493,19.12659],[72.89461,19.1266],[72.89458,19.12682],[72.89474,19.12714],[72.8956,19.1281]]]}},{"type":"Feature","properties":{"kind":"forest"},"geometry":{"type":"Polygon","coordinates":[[[72.89706,19.13017],[72.89719,19.13055],[72.8974,19.13074],[72.89793,19.13007],[72.89853,19.13002],[72.89869,19.12973],[72.8992,19.12938],[72.89933,19.12892],[72.89933,19.12882],[72.89914,19.12881],[72.89887,19.1291],[72.89868,19.1291],[72.89864,19.12862],[72.89901,19.12838],[72.89925,19.12852],[72.89931,19.12845],[72.89881,19.12766],[72.89862,19.12763],[72.89859,19.12812],[72.89832,19.12837],[72.89791,19.12805],[72.89753,19.12733],[72.89675,19.12709],[72.8966,19.1272],[72.89659,19.12789],[72.89632,19.12875],[72.89706,19.13017]]]}},{"type":"Feature","properties":{"kind":"forest"},"geometry":{"type":"Polygon","coordinates":[[[72.89742,19.13143],[72.89723,19.13275],[72.89794,19.13333],[72.89796,19.133],[72.89836,19.13309],[72.89848,19.13275],[72.89839,19.13262],[72.898,19.13284],[72.89792,19.13247],[72.89854,19.13201],[72.89932,19.13209],[72.8995,19.13245],[72.89925,19.13278],[72.89976,19.13265],[72.8996,19.13203],[72.89972,19.13166],[72.9001,19.13135],[72.90016,19.13106],[72.89977,19.13037],[72.89893,19.13014],[72.89804,19.13043],[72.89742,19.13143]]]}},{"type":"Feature","properties":{"kind":"farmland"},"geometry":{"type":"Polygon","coordinates":[[[72.87973,19.13574],[72.8795,19.13575],[72.87927,19.13376],[72.8791,19.1332],[72.87871,19.13262],[72.87918,19.13256],[72.87909,19.13216],[72.87703,19.1322],[72.8767,19.13235],[72.87641,19.1335],[72.87741,19.13392],[72.87771,19.13458],[72.87784,19.13463],[72.87771,19.13674],[72.87833,19.13723],[72.8796,19.13722],[72.87973,19.13574]]]}},{"type":"Feature","properties":{"kind":"farmland"},"geometry":{"type":"Polygon","coordinates":[[[72.88161,19.13378],[72.88113,19.13391],[72.88113,19.1341],[72.88073,19.13412],[72.88075,19.13575],[72.87973,19.13574],[72.87957,19.13752],[72.87978,19.13852],[72.88072,19.13839],[72.88215,19.13551],[72.88214,19.13519],[72.88161,19.13378]]]}},{"type":"Feature","properties":{"kind":"forest"},"geometry":{"type":"Polygon","coordinates":[[[72.88887,19.15146],[72.88866,19.15124],[72.88715,19.15295],[72.88731,19.15348],[72.88746,19.15355],[72.88758,19.15297],[72.88818,19.15246],[72.88819,19.15214],[72.88887,19.15146]]]}},{"type":"Feature","properties":{"kind":"farmland"},"geometry":{"type":"Polygon","coordinates":[[[72.89173,19.14714],[72.89216,19.14758],[72.89177,19.1484],[72.89143,19.14845],[72.89138,19.14745],[72.89173,19.14714]]]}},{"type":"Feature","properties":{"kind":"farmland"},"geometry":{"type":"Polygon","coordinates":[[[72.82677,19.3112],[72.8273,19.31179],[72.82825,19.31209],[72.8283,19.31225],[72.82832,19.31119],[72.82677,19.3112]]]}},{"type":"Feature","properties":{"kind":"forest"},"geometry":{"type":"Polygon","coordinates":[[[72.82846,19.3122],[72.82904,19.3125],[72.82952,19.3125],[72.82948,19.3129],[72.8312,19.31372],[72.83172,19.31378],[72.83211,19.31411],[72.83256,19.31424],[72.83311,19.31387],[72.83341,19.31334],[72.83311,19.31186],[72.83352,19.31329],[72.83345,19.31362],[72.83301,19.31415],[72.83313,19.31438],[72.83348,19.31457],[72.83373,19.31445],[72.83403,19.31488],[72.83685,19.31631],[72.83754,19.31655],[72.83935,19.31759],[72.83933,19.31687],[72.83898,19.31668],[72.83933,19.31676],[72.83894,19.31627],[72.83916,19.31627],[72.83885,19.31594],[72.83904,19.31543],[72.83884,19.31564],[72.83868,19.31548],[72.83869,19.31531],[72.83932,19.31551],[72.83931,19.31402],[72.83715,19.31336],[72.83458,19.31191],[72.83467,19.31118],[72.82841,19.31118],[72.82846,19.3122]]]}},{"type":"Feature","properties":{"kind":"forest"},"geometry":{"type":"Polygon","coordinates":[[[72.83931,19.31387],[72.83736,19.31323],[72.8347,19.31181],[72.83477,19.31117],[72.83568,19.31116],[72.83933,19.31261],[72.83932,19.31279],[72.83742,19.31201],[72.83744,19.31219],[72.83729,19.31198],[72.83584,19.31135],[72.83582,19.31161],[72.83559,19.31161],[72.83592,19.31174],[72.83609,19.31163],[72.83599,19.31176],[72.83556,19.31167],[72.83736,19.31245],[72.8375,19.31208],[72.83764,19.31215],[72.83754,19.31214],[72.83743,19.31245],[72.83822,19.31282],[72.83839,19.3126],[72.83829,19.31283],[72.83922,19.31323],[72.83932,19.31309],[72.83922,19.3133],[72.83655,19.31215],[72.83918,19.31331],[72.83742,19.31265],[72.83738,19.31277],[72.83783,19.31316],[72.83876,19.31338],[72.83882,19.31327],[72.8392,19.31336],[72.83933,19.31315],[72.83931,19.31387]]]}},{"type":"Feature","properties":{"kind":"farmland"},"geometry":{"type":"Polygon","coordinates":[[[72.83641,19.31114],[72.83935,19.31114],[72.83935,19.31227],[72.83641,19.31114]]]}},{"type":"Feature","properties":{"kind":"forest"},"geometry":{"type":"Polygon","coordinates":[[[72.85036,19.3158],[72.85063,19.31582],[72.8508,19.31568],[72.85066,19.31551],[72.85084,19.31472],[72.85055,19.31477],[72.85046,19.31466],[72.84991,19.31458],[72.84981,19.31575],[72.85036,19.3158]]]}},{"type":"Feature","properties":{"kind":"wetland"},"geometry":{"type":"Polygon","coordinates":[[[72.86132,19.3161],[72.86132,19.31509],[72.86049,19.31565],[72.85899,19.31617],[72.85899,19.31649],[72.85937,19.31703],[72.86132,19.3161]]]}},{"type":"Feature","properties":{"kind":"wetland"},"geometry":{"type":"Polygon","coordinates":[[[72.85768,19.31765],[72.85788,19.31766],[72.85841,19.31728],[72.85901,19.31707],[72.85889,19.31648],[72.85801,19.31684],[72.85775,19.31684],[72.85779,19.3172],[72.85759,19.31742],[72.85768,19.31765]]]}},{"type":"Feature","properties":{"kind":"wetland"},"geometry":{"type":"Polygon","coordinates":[[[72.85677,19.3177],[72.85738,19.31767],[72.85727,19.31783],[72.85686,19.31781],[72.85631,19.31809],[72.85471,19.31834],[72.85477,19.31794],[72.85528,19.31777],[72.85567,19.31765],[72.85577,19.31799],[72.85677,19.3177]]]}},{"type":"Feature","properties":{"kind":"wetland"},"geometry":{"type":"Polygon","coordinates":[[[72.85066,19.31848],[72.85074,19.31823],[72.85103,19.31818],[72.85088,19.31797],[72.85105,19.31788],[72.85118,19.31749],[72.85121,19.31763],[72.85135,19.31762],[72.85124,19.31831],[72.85108,19.3186],[72.85071,19.31859],[72.85066,19.31848]]]}},{"type":"Feature","properties":{"kind":"wetland"},"geometry":{"type":"Polygon","coordinates":[[[72.85067,19.31777],[72.8508,19.31761],[72.85066,19.31753],[72.85064,19.31723],[72.85046,19.31723],[72.85035,19.31699],[72.85035,19.31799],[72.85048,19.31776],[72.8505,19.31809],[72.85063,19.31808],[72.85067,19.31777]]]}},{"type":"Feature","properties":{"kind":"wetland"},"geometry":{"type":"Polygon","coordinates":[[[72.86126,19.31198],[72.86085,19.31193],[72.86047,19.31225],[72.86077,19.31268],[72.86051,19.3127],[72.86062,19.31289],[72.86043,19.31315],[72.86093,19.31358],[72.86061,19.31383],[72.86102,19.31392],[72.8613,19.31343],[72.86126,19.31198]]]}},{"type":"Feature","properties":{"kind":"wetland"},"geometry":{"type":"Polygon","coordinates":[[[72.83938,19.31755],[72.84018,19.31798],[72.84068,19.3181],[72.84084,19.31829],[72.84202,19.3187],[72.84383,19.319],[72.84584,19.31903],[72.84899,19.31877],[72.84969,19.31858],[72.85022,19.31864],[72.85034,19.31853],[72.85033,19.31699],[72.85013,19.317],[72.84962,19.31624],[72.84966,19.31547],[72.8494,19.31545],[72.84883,19.3149],[72.8487,19.31432],[72.84875,19.31417],[72.84898,19.31421],[72.84909,19.31401],[72.84857,19.31308],[72.84867,19.31293],[72.84858,19.31246],[72.8483,19.31236],[72.84836,19.31216],[72.84818,19.31207],[72.84804,19.31122],[72.84729,19.31122],[72.84817,19.31564],[72.84691,19.31601],[72.84174,19.31485],[72.83938,19.31401],[72.83938,19.31755]]]}},{"type":"Feature","properties":{"kind":"wetland"},"geometry":{"type":"Polygon","coordinates":[[[72.87019,19.31114],[72.86758,19.31114],[72.86786,19.31142],[72.86766,19.31162],[72.86762,19.31211],[72.86706,19.31234],[72.86616,19.31228],[72.86566,19.31164],[72.86565,19.31183],[72.86526,19.31203],[72.86524,19.31222],[72.86415,19.31329],[72.86399,19.31329],[72.86394,19.31342],[72.86383,19.31336],[72.86336,19.31386],[72.8629,19.31406],[72.8624,19.31396],[72.86229,19.31438],[72.8625,19.31416],[72.86261,19.31419],[72.8626,19.3144],[72.86241,19.31443],[72.86221,19.31472],[72.86191,19.3148],[72.86172,19.31506],[72.86133,19.315],[72.86133,19.31609],[72.86292,19.31539],[72.86308,19.31514],[72.8635,19.31511],[72.86398,19.31488],[72.86525,19.31411],[72.86519,19.31406],[72.86575,19.31388],[72.86599,19.3137],[72.86599,19.31356],[72.86615,19.31363],[72.86635,19.31336],[72.86662,19.31339],[72.86708,19.31321],[72.86825,19.31243],[72.86819,19.31213],[72.86856,19.3122],[72.86902,19.31208],[72.86937,19.31172],[72.87024,19.31127],[72.87019,19.31114]]]}},{"type":"Feature","properties":{"kind":"wetland"},"geometry":{"type":"Polygon","coordinates":[[[72.86135,19.31342],[72.86174,19.31382],[72.86195,19.31363],[72.86203,19.31385],[72.86251,19.31403],[72.86261,19.31392],[72.8629,19.31393],[72.86305,19.31376],[72.86339,19.31374],[72.86365,19.31349],[72.86343,19.31338],[72.86359,19.31315],[72.86342,19.31253],[72.86356,19.31261],[72.86376,19.31318],[72.86437,19.31296],[72.86399,19.31263],[72.86394,19.31207],[72.86365,19.31199],[72.86361,19.31166],[72.86223,19.31226],[72.86134,19.31216],[72.86135,19.31342]]]}},{"type":"Feature","properties":{"kind":"farmland"},"geometry":{"type":"Polygon","coordinates":[[[72.86576,19.31173],[72.86616,19.31227],[72.86709,19.31231],[72.8676,19.3121],[72.86764,19.31135],[72.86676,19.31046],[72.86593,19.31167],[72.86576,19.31173]]]}},{"type":"Feature","properties":{"kind":"wetland"},"geometry":{"type":"Polygon","coordinates":[[[72.89425,19.30093],[72.89075,19.3051],[72.8888,19.30809],[72.88832,19.30843],[72.88708,19.31113],[72.89426,19.31108],[72.89421,19.30791],[72.89406,19.30752],[72.89236,19.30616],[72.89282,19.30509],[72.89337,19.3047],[72.89413,19.30378],[72.89425,19.30093]]]}},{"type":"Feature","properties":{"kind":"wetland"},"geometry":{"type":"Polygon","coordinates":[[[72.88331,19.30179],[72.88462,19.30078],[72.8833,19.30078],[72.88331,19.30179]]]}},{"type":"Feature","properties":{"kind":"wetland"},"geometry":{"type":"Polygon","coordinates":[[[72.87232,19.3097],[72.87286,19.30943],[72.87297,19.30919],[72.87345,19.30904],[72.87453,19.3081],[72.87759,19.30597],[72.87792,19.30586],[72.88074,19.30384],[72.88139,19.30322],[72.88215,19.30277],[72.8833,19.30183],[72.8833,19.30078],[72.87977,19.30101],[72.87937,19.30115],[72.8796,19.30127],[72.88054,19.30266],[72.87863,19.30401],[72.87835,19.30389],[72.87756,19.30442],[72.8773,19.30445],[72.8772,19.30477],[72.87681,19.3049],[72.87631,19.30535],[72.87618,19.30535],[72.87612,19.30513],[72.87559,19.30537],[72.87539,19.30532],[72.87533,19.30542],[72.87572,19.30596],[72.87329,19.30773],[72.8726,19.308],[72.87232,19.30754],[72.87232,19.3097]]]}},{"type":"Feature","properties":{"kind":"wetland"},"geometry":{"type":"Polygon","coordinates":[[[72.87868,19.30296],[72.87913,19.30355],[72.88043,19.30265],[72.88005,19.30211],[72.87868,19.30296]]]}},{"type":"Feature","properties":{"kind":"forest"},"geometry":{"type":"Polygon","coordinates":[[[72.78181,19.25894],[72.78152,19.25963],[72.78155,19.2599],[72.78218,19.25994],[72.78257,19.25971],[72.78283,19.2599],[72.78434,19.26218],[72.78449,19.26249],[72.78438,19.26268],[72.78457,19.26306],[72.78495,19.2631],[72.78544,19.26274],[72.78546,19.26201],[72.78562,19.26156],[72.78559,19.26083],[72.78485,19.26026],[72.78434,19.25959],[72.78374,19.25933],[72.78335,19.25899],[72.78294,19.25901],[72.78239,19.25932],[72.78215,19.2592],[72.78212,19.25901],[72.78181,19.25894]]]}},{"type":"Feature","properties":{"kind":"forest"},"geometry":{"type":"Polygon","coordinates":[[[72.78389,19.26926],[72.78379,19.26925],[72.7837,19.26891],[72.78392,19.26816],[72.78411,19.26807],[72.78467,19.26821],[72.78489,19.26841],[72.78481,19.26923],[72.78455,19.26937],[72.78389,19.26926]]]}},{"type":"Feature","properties":{"kind":"farmland"},"geometry":{"type":"Polygon","coordinates":[[[72.84231,19.2451],[72.84154,19.2447],[72.84156,19.24451],[72.84189,19.2444],[72.842,19.24438],[72.84213,19.24459],[72.84213,19.24434],[72.84207,19.24421],[72.84175,19.24426],[72.84135,19.24367],[72.84098,19.24264],[72.84103,19.24238],[72.8417,19.24179],[72.8416,19.24178],[72.84207,19.24165],[72.84236,19.24192],[72.84252,19.24171],[72.84265,19.24172],[72.84246,19.24264],[72.84261,19.2429],[72.84231,19.2451]]]}},{"type":"Feature","properties":{"kind":"scrub"},"geometry":{"type":"Polygon","coordinates":[[[72.86069,19.30153],[72.86097,19.30113],[72.86068,19.30097],[72.86069,19.30121],[72.86047,19.30142],[72.86022,19.30143],[72.85996,19.30113],[72.8598,19.30115],[72.85992,19.3015],[72.86044,19.30165],[72.86069,19.30153]]]}},{"type":"Feature","properties":{"kind":"wetland"},"geometry":{"type":"Polygon","coordinates":[[[72.8723,19.3097],[72.87231,19.30753],[72.87068,19.30477],[72.87036,19.30466],[72.87022,19.30499],[72.87029,19.30521],[72.86984,19.30547],[72.8696,19.3058],[72.86897,19.30581],[72.86811,19.30639],[72.86842,19.30647],[72.8689,19.30629],[72.86924,19.30655],[72.86911,19.3067],[72.86987,19.30704],[72.86991,19.30784],[72.86981,19.30798],[72.87008,19.30822],[72.87031,19.30882],[72.87104,19.30876],[72.87108,19.30909],[72.87143,19.30924],[72.87136,19.30944],[72.87125,19.30958],[72.87069,19.30956],[72.87067,19.30935],[72.87043,19.30904],[72.87018,19.30932],[72.86987,19.3093],[72.86957,19.30971],[72.86903,19.31005],[72.86813,19.31018],[72.86795,19.31003],[72.86796,19.30969],[72.86721,19.30942],[72.86696,19.30971],[72.86686,19.31006],[72.86668,19.3101],[72.86675,19.31033],[72.86759,19.31111],[72.8703,19.31113],[72.87167,19.31027],[72.87203,19.30998],[72.87204,19.3098],[72.8723,19.3097]]]}},{"type":"Feature","properties":{"kind":"forest"},"geometry":{"type":"Polygon","coordinates":[[[72.86686,19.30796],[72.86707,19.30821],[72.86757,19.30812],[72.86764,19.30843],[72.86782,19.3085],[72.86792,19.30827],[72.86783,19.30819],[72.8681,19.30808],[72.8681,19.30826],[72.86838,19.3081],[72.86821,19.30783],[72.86816,19.30706],[72.86792,19.30713],[72.86751,19.30698],[72.86763,19.30721],[72.86745,19.30766],[72.86686,19.30796]]]}},{"type":"Feature","properties":{"kind":"wetland"},"geometry":{"type":"Polygon","coordinates":[[[72.82839,19.24628],[72.82961,19.24686],[72.83467,19.24847],[72.83501,19.24856],[72.83529,19.24844],[72.83584,19.24888],[72.83935,19.24892],[72.83929,19.24737],[72.83809,19.2469],[72.83813,19.24669],[72.83865,19.24624],[72.83913,19.24559],[72.83827,19.24521],[72.83778,19.24382],[72.83677,19.24415],[72.83647,19.2445],[72.83708,19.24535],[72.83691,19.2459],[72.83626,19.24552],[72.83575,19.24566],[72.83515,19.24635],[72.83455,19.24637],[72.83399,19.24577],[72.83385,19.2452],[72.83312,19.24553],[72.83228,19.24504],[72.83263,19.24369],[72.8336,19.24339],[72.83222,19.24313],[72.83157,19.24246],[72.83085,19.24305],[72.83083,19.24542],[72.83051,19.24587],[72.82916,19.24522],[72.82947,19.24439],[72.83006,19.24365],[72.8303,19.24267],[72.83011,19.24273],[72.8299,19.24258],[72.82987,19.24224],[72.82993,19.24199],[72.83026,19.24185],[72.82872,19.24188],[72.82843,19.24232],[72.82839,19.24628]]]}},{"type":"Feature","properties":{"kind":"forest"},"geometry":{"type":"Polygon","coordinates":[[[72.82842,19.24005],[72.82844,19.23871],[72.83395,19.2386],[72.83461,19.23895],[72.83452,19.23978],[72.83388,19.23979],[72.83402,19.24034],[72.83588,19.24235],[72.83636,19.24199],[72.83701,19.24175],[72.8369,19.24142],[72.83638,19.24154],[72.83622,19.2413],[72.83634,19.24102],[72.83686,19.24117],[72.83729,19.242],[72.83814,19.24217],[72.83848,19.24216],[72.83875,19.24201],[72.83881,19.24225],[72.83933,19.24248],[72.83933,19.24307],[72.83774,19.24365],[72.83674,19.24371],[72.83532,19.24323],[72.83531,19.24288],[72.83497,19.24291],[72.8347,19.2426],[72.83435,19.24171],[72.83413,19.24175],[72.83341,19.24108],[72.83357,19.24073],[72.83316,19.24045],[72.83243,19.24059],[72.83235,19.24032],[72.83143,19.24031],[72.83124,19.24017],[72.83095,19.23942],[72.83053,19.23926],[72.82887,19.23947],[72.82863,19.24053],[72.83005,19.24047],[72.83024,19.24177],[72.82875,19.24175],[72.82843,19.24223],[72.82842,19.24005]]]}},{"type":"Feature","properties":{"kind":"farmland"},"geometry":{"type":"Polygon","coordinates":[[[72.83701,19.24138],[72.83729,19.24136],[72.83731,19.24085],[72.83716,19.24044],[72.83633,19.24025],[72.83639,19.24091],[72.83657,19.24091],[72.83701,19.24138]]]}},{"type":"Feature","properties":{"kind":"farmland"},"geometry":{"type":"Polygon","coordinates":[[[72.8372,19.24035],[72.83715,19.23984],[72.83726,19.23969],[72.83746,19.2397],[72.83751,19.23943],[72.83784,19.23924],[72.83782,19.23912],[72.83807,19.23917],[72.83804,19.23933],[72.83779,19.23944],[72.83791,19.23957],[72.83785,19.24003],[72.83758,19.24061],[72.83786,19.24067],[72.83795,19.24086],[72.83816,19.24083],[72.83813,19.24096],[72.83742,19.24094],[72.8372,19.24035]]]}},{"type":"Feature","properties":{"kind":"forest"},"geometry":{"type":"Polygon","coordinates":[[[72.85324,19.30595],[72.85357,19.3029],[72.85367,19.30288],[72.85335,19.30595],[72.85324,19.30595]]]}},{"type":"Feature","properties":{"kind":"forest"},"geometry":{"type":"Polygon","coordinates":[[[72.8505,19.31042],[72.85115,19.31113],[72.85134,19.31103],[72.851,19.31042],[72.85071,19.31031],[72.8505,19.31042]]]}},{"type":"Feature","properties":{"kind":"wetland"},"geometry":{"type":"Polygon","coordinates":[[[72.84598,19.28867],[72.84658,19.28905],[72.84644,19.28936],[72.84595,19.28923],[72.84587,19.2894],[72.84565,19.28941],[72.84541,19.28911],[72.84543,19.28877],[72.84598,19.28867]]]}},{"type":"Feature","properties":{"kind":"wetland"},"geometry":{"type":"Polygon","coordinates":[[[72.84731,19.28876],[72.84764,19.28884],[72.84768,19.28841],[72.84797,19.28847],[72.84798,19.28831],[72.8477,19.28818],[72.84783,19.28806],[72.84811,19.28806],[72.84837,19.28824],[72.84834,19.2885],[72.84819,19.28841],[72.84822,19.2886],[72.84876,19.28843],[72.84858,19.28836],[72.84843,19.28803],[72.84772,19.28786],[72.84737,19.28843],[72.84744,19.28855],[72.84731,19.28876]]]}},{"type":"Feature","properties":{"kind":"wetland"},"geometry":{"type":"Polygon","coordinates":[[[72.84905,19.28785],[72.84903,19.28805],[72.84926,19.28809],[72.84937,19.28832],[72.84925,19.28884],[72.84945,19.28884],[72.84979,19.28795],[72.8496,19.28781],[72.84926,19.28794],[72.84905,19.28785]]]}},{"type":"Feature","properties":{"kind":"wetland"},"geometry":{"type":"Polygon","coordinates":[[[72.84485,19.28131],[72.84494,19.28114],[72.84554,19.2812],[72.84533,19.28067],[72.84466,19.28078],[72.84485,19.28131]]]}},{"type":"Feature","properties":{"kind":"farmland"},"geometry":{"type":"Polygon","coordinates":[[[72.85022,19.28737],[72.84757,19.28749],[72.84562,19.28661],[72.84526,19.28624],[72.84526,19.28544],[72.84574,19.28408],[72.84616,19.28192],[72.84773,19.28197],[72.85017,19.2812],[72.85022,19.28737]]]}},{"type":"Feature","properties":{"kind":"farmland"},"geometry":{"type":"Polygon","coordinates":[[[72.84289,19.29037],[72.84513,19.29033],[72.84491,19.28907],[72.84274,19.28944],[72.84289,19.29037]]]}},{"type":"Feature","properties":{"kind":"scrub"},"geometry":{"type":"Polygon","coordinates":[[[72.87088,19.29879],[72.8712,19.29904],[72.87179,19.2986],[72.87154,19.29834],[72.87088,19.29879]]]}},{"type":"Feature","properties":{"kind":"scrub"},"geometry":{"type":"Polygon","coordinates":[[[72.86769,19.29158],[72.86798,19.2919],[72.86803,19.29173],[72.86788,19.29148],[72.86801,19.29133],[72.86839,19.29148],[72.86874,19.29121],[72.86869,19.2908],[72.86825,19.29064],[72.8682,19.29111],[72.86797,19.29127],[72.86778,19.29125],[72.86769,19.29158]]]}},{"type":"Feature","properties":{"kind":"scrub"},"geometry":{"type":"Polygon","coordinates":[[[72.82075,19.20869],[72.82219,19.20873],[72.82109,19.20698],[72.82012,19.20697],[72.82026,19.20707],[72.82022,19.20727],[72.82048,19.20735],[72.82064,19.20783],[72.82048,19.20791],[72.82075,19.20869]]]}},{"type":"Feature","properties":{"kind":"scrub"},"geometry":{"type":"Polygon","coordinates":[[[72.87255,19.29565],[72.87283,19.29601],[72.87345,19.29589],[72.87362,19.29562],[72.87255,19.29565]]]}},{"type":"Feature","properties":{"kind":"wetland"},"geometry":{"type":"Polygon","coordinates":[[[72.88004,19.29669],[72.88045,19.29658],[72.88081,19.29694],[72.88103,19.29684],[72.88066,19.29652],[72.88072,19.2964],[72.88027,19.29615],[72.88011,19.2962],[72.88004,19.29669]]]}},{"type":"Feature","properties":{"kind":"wetland"},"geometry":{"type":"Polygon","coordinates":[[[72.88126,19.29736],[72.88116,19.2976],[72.88147,19.29781],[72.88141,19.29805],[72.88154,19.29826],[72.88173,19.29848],[72.88214,19.29847],[72.88226,19.29762],[72.88205,19.2967],[72.88195,19.29665],[72.88153,19.29698],[72.88126,19.29736]]]}},{"type":"Feature","properties":{"kind":"scrub"},"geometry":{"type":"Polygon","coordinates":[[[72.88052,19.30057],[72.88002,19.30074],[72.87918,19.30071],[72.87941,19.30024],[72.8802,19.30027],[72.88149,19.29968],[72.88141,19.29934],[72.88184,19.29866],[72.88215,19.29865],[72.88156,19.29975],[72.8808,19.30021],[72.88086,19.30038],[72.88052,19.30057]]]}},{"type":"Feature","properties":{"kind":"wetland"},"geometry":{"type":"Polygon","coordinates":[[[72.881,19.29698],[72.88109,19.29724],[72.88193,19.29661],[72.8818,19.29632],[72.881,19.29698]]]}},{"type":"Feature","properties":{"kind":"wetland"},"geometry":{"type":"Polygon","coordinates":[[[72.88023,19.29604],[72.88065,19.29604],[72.88074,19.29563],[72.8818,19.29561],[72.88175,19.2962],[72.8811,19.29675],[72.88076,19.2965],[72.88079,19.29638],[72.88023,19.29604]]]}},{"type":"Feature","properties":{"kind":"farmland"},"geometry":{"type":"Polygon","coordinates":[[[72.88058,19.29789],[72.88105,19.29762],[72.88121,19.29769],[72.88139,19.29787],[72.88134,19.29805],[72.88158,19.29848],[72.88177,19.29858],[72.88137,19.29933],[72.88143,19.29966],[72.88012,19.30017],[72.87941,19.30016],[72.87913,19.3006],[72.87905,19.3001],[72.87873,19.29966],[72.87924,19.29949],[72.87986,19.29895],[72.87992,19.29881],[72.87972,19.29849],[72.88038,19.29809],[72.88086,19.29882],[72.88128,19.29872],[72.88098,19.29813],[72.88058,19.29789]]]}},{"type":"Feature","properties":{"kind":"scrub"},"geometry":{"type":"Polygon","coordinates":[[[72.88312,19.29713],[72.88327,19.29696],[72.88325,19.29838],[72.883,19.29826],[72.88272,19.29831],[72.88233,19.29855],[72.88263,19.2974],[72.88312,19.29713]]]}},{"type":"Feature","properties":{"kind":"farmland"},"geometry":{"type":"Polygon","coordinates":[[[72.88204,19.29649],[72.88201,19.2962],[72.88309,19.29563],[72.88326,19.29591],[72.88204,19.29649]]]}},{"type":"Feature","properties":{"kind":"wetland"},"geometry":{"type":"Polygon","coordinates":[[[72.88124,19.30074],[72.88106,19.3004],[72.88217,19.29987],[72.88303,19.29928],[72.88322,19.29956],[72.88325,19.3007],[72.88124,19.30074]]]}},{"type":"Feature","properties":{"kind":"wetland"},"geometry":{"type":"Polygon","coordinates":[[[72.88209,19.29653],[72.88233,19.29715],[72.8823,19.29849],[72.88252,19.29739],[72.88308,19.29707],[72.88261,19.29669],[72.88326,19.29642],[72.88327,19.29596],[72.88209,19.29653]]]}},{"type":"Feature","properties":{"kind":"wetland"},"geometry":{"type":"Polygon","coordinates":[[[72.88095,19.30029],[72.88101,19.30036],[72.88239,19.29961],[72.8829,19.2992],[72.88325,19.29876],[72.88321,19.29848],[72.88264,19.29843],[72.88234,19.29862],[72.88207,19.29932],[72.88165,19.29981],[72.88095,19.30029]]]}},{"type":"Feature","properties":{"kind":"wetland"},"geometry":{"type":"Polygon","coordinates":[[[72.88172,19.29294],[72.88162,19.29356],[72.88191,19.29439],[72.88326,19.2933],[72.88326,19.29308],[72.88215,19.29163],[72.8822,19.2919],[72.88191,19.29273],[72.88172,19.29294]]]}},{"type":"Feature","properties":{"kind":"wetland"},"geometry":{"type":"Polygon","coordinates":[[[72.88007,19.29274],[72.87993,19.29248],[72.88027,19.29223],[72.88055,19.2923],[72.88089,19.29275],[72.88119,19.29262],[72.88137,19.29231],[72.8813,19.29198],[72.88179,19.29186],[72.88194,19.29201],[72.88184,19.29266],[72.88161,19.29284],[72.88153,19.29358],[72.88159,19.29404],[72.8818,19.29444],[72.88062,19.29541],[72.88025,19.29468],[72.88046,19.294],[72.88046,19.29325],[72.88031,19.29285],[72.88007,19.29274]]]}},{"type":"Feature","properties":{"kind":"wetland"},"geometry":{"type":"Polygon","coordinates":[[[72.88062,19.29554],[72.8819,19.29451],[72.88214,19.29487],[72.88191,19.29556],[72.88062,19.29554]]]}},{"type":"Feature","properties":{"kind":"wetland"},"geometry":{"type":"Polygon","coordinates":[[[72.882,19.29556],[72.88227,19.29485],[72.88196,19.29447],[72.88326,19.29344],[72.88325,19.2946],[72.88309,19.2946],[72.88295,19.29478],[72.88314,19.29514],[72.88261,19.29555],[72.882,19.29556]]]}},{"type":"Feature","properties":{"kind":"wetland"},"geometry":{"type":"Polygon","coordinates":[[[72.88247,19.29188],[72.8825,19.29172],[72.88322,19.29156],[72.88328,19.29295],[72.88247,19.29188]]]}},{"type":"Feature","properties":{"kind":"farmland"},"geometry":{"type":"Polygon","coordinates":[[[72.88248,19.29047],[72.88289,19.29111],[72.88324,19.29117],[72.88327,19.29044],[72.88248,19.29047]]]}},{"type":"Feature","properties":{"kind":"farmland"},"geometry":{"type":"Polygon","coordinates":[[[72.87907,19.29557],[72.87879,19.2953],[72.87932,19.29487],[72.87992,19.29556],[72.87907,19.29557]]]}},{"type":"Feature","properties":{"kind":"scrub"},"geometry":{"type":"Polygon","coordinates":[[[72.88001,19.29542],[72.88044,19.29558],[72.8806,19.29541],[72.88023,19.29468],[72.88044,19.294],[72.88045,19.29325],[72.8803,19.29286],[72.88006,19.29275],[72.87979,19.29237],[72.87955,19.29251],[72.87951,19.29337],[72.8786,19.29339],[72.87883,19.29357],[72.87955,19.29372],[72.88012,19.29525],[72.88001,19.29542]]]}},{"type":"Feature","properties":{"kind":"scrub"},"geometry":{"type":"Polygon","coordinates":[[[72.88116,19.29137],[72.88168,19.29157],[72.88163,19.29179],[72.88205,19.29181],[72.88198,19.29148],[72.88157,19.29097],[72.88108,19.29133],[72.88116,19.29137]]]}},{"type":"Feature","properties":{"kind":"scrub"},"geometry":{"type":"Polygon","coordinates":[[[72.88251,19.29168],[72.88236,19.29069],[72.88262,19.29116],[72.88324,19.29151],[72.88251,19.29168]]]}},{"type":"Feature","properties":{"kind":"scrub"},"geometry":{"type":"Polygon","coordinates":[[[72.88642,19.28479],[72.88656,19.28472],[72.88704,19.28484],[72.88659,19.28636],[72.8863,19.28623],[72.88622,19.28544],[72.88572,19.28533],[72.88568,19.28515],[72.88627,19.28508],[72.88626,19.28488],[72.88642,19.28479]]]}},{"type":"Feature","properties":{"kind":"forest"},"geometry":{"type":"Polygon","coordinates":[[[72.88452,19.28919],[72.88514,19.28925],[72.88528,19.28884],[72.88421,19.28886],[72.88452,19.28919]]]}},{"type":"Feature","properties":{"kind":"scrub"},"geometry":{"type":"Polygon","coordinates":[[[72.88484,19.29029],[72.88485,19.28985],[72.88558,19.2898],[72.88555,19.29029],[72.88484,19.29029]]]}},{"type":"Feature","properties":{"kind":"forest"},"geometry":{"type":"Polygon","coordinates":[[[72.8846,19.29025],[72.88452,19.28962],[72.88404,19.28979],[72.88397,19.29019],[72.88411,19.29033],[72.8846,19.29025]]]}},{"type":"Feature","properties":{"kind":"scrub"},"geometry":{"type":"Polygon","coordinates":[[[72.88605,19.29031],[72.88641,19.28883],[72.88666,19.28852],[72.88748,19.28881],[72.88741,19.28935],[72.88729,19.28935],[72.8872,19.28965],[72.88744,19.28973],[72.88716,19.29037],[72.88605,19.29031]]]}},{"type":"Feature","properties":{"kind":"forest"},"geometry":{"type":"Polygon","coordinates":[[[72.8867,19.28849],[72.88713,19.28866],[72.88737,19.28793],[72.88688,19.28805],[72.8867,19.28849]]]}},{"type":"Feature","properties":{"kind":"forest"},"geometry":{"type":"Polygon","coordinates":[[[72.88788,19.28857],[72.88822,19.28836],[72.88821,19.28805],[72.88804,19.28785],[72.88811,19.28745],[72.88762,19.28737],[72.88766,19.28712],[72.8872,19.28706],[72.8873,19.28763],[72.88779,19.28776],[72.88761,19.28842],[72.88783,19.28838],[72.88788,19.28857]]]}},{"type":"Feature","properties":{"kind":"forest"},"geometry":{"type":"Polygon","coordinates":[[[72.88999,19.29033],[72.89027,19.28972],[72.88957,19.28942],[72.8901,19.28667],[72.89057,19.28656],[72.89066,19.29007],[72.89082,19.29029],[72.88999,19.29033]]]}},{"type":"Feature","properties":{"kind":"forest"},"geometry":{"type":"Polygon","coordinates":[[[72.89,19.28479],[72.8905,19.28475],[72.89041,19.2827],[72.8899,19.28275],[72.89,19.28479]]]}},{"type":"Feature","properties":{"kind":"wetland"},"geometry":{"type":"Polygon","coordinates":[[[72.84291,19.31084],[72.84323,19.31082],[72.8435,19.31014],[72.84468,19.31001],[72.84447,19.30966],[72.84426,19.30981],[72.84421,19.30938],[72.84409,19.30941],[72.84434,19.309],[72.84338,19.30921],[72.84353,19.30948],[72.84267,19.31069],[72.84291,19.31084]]]}},{"type":"Feature","properties":{"kind":"wetland"},"geometry":{"type":"Polygon","coordinates":[[[72.84151,19.31079],[72.84223,19.31091],[72.84244,19.31031],[72.84213,19.31024],[72.84154,19.31041],[72.84151,19.31079]]]}},{"type":"Feature","properties":{"kind":"wetland"},"geometry":{"type":"Polygon","coordinates":[[[72.84256,19.3111],[72.84479,19.3111],[72.84482,19.30876],[72.84403,19.30916],[72.84256,19.3111]]]}},{"type":"Feature","properties":{"kind":"wetland"},"geometry":{"type":"Polygon","coordinates":[[[72.83317,19.30258],[72.83332,19.30178],[72.83386,19.30192],[72.83388,19.30208],[72.83466,19.30197],[72.83478,19.30224],[72.83449,19.30367],[72.83426,19.30342],[72.83444,19.30277],[72.83317,19.30258]]]}},{"type":"Feature","properties":{"kind":"wetland"},"geometry":{"type":"Polygon","coordinates":[[[72.8878,19.29353],[72.88818,19.29366],[72.88843,19.29324],[72.88841,19.29304],[72.88772,19.29291],[72.88768,19.29315],[72.88786,19.29333],[72.88773,19.29342],[72.8878,19.29353]]]}},{"type":"Feature","properties":{"kind":"forest"},"geometry":{"type":"Polygon","coordinates":[[[72.88714,19.29461],[72.8872,19.29443],[72.88694,19.29426],[72.88714,19.29411],[72.8873,19.29439],[72.88762,19.29416],[72.88758,19.29388],[72.88737,19.29399],[72.88725,19.29365],[72.88741,19.29355],[72.88755,19.29368],[72.88764,19.29264],[72.88671,19.29272],[72.8867,19.29221],[72.88696,19.2921],[72.88695,19.29166],[72.88576,19.29132],[72.8852,19.29343],[72.886,19.29379],[72.88714,19.29461]]]}},{"type":"Feature","properties":{"kind":"forest"},"geometry":{"type":"Polygon","coordinates":[[[72.8834,19.2946],[72.88369,19.29423],[72.88393,19.29432],[72.88433,19.29415],[72.88436,19.29449],[72.88462,19.2947],[72.88507,19.29462],[72.8856,19.29398],[72.88646,19.29452],[72.88653,19.29446],[72.88615,19.29406],[72.88464,19.29332],[72.88467,19.29233],[72.88385,19.29139],[72.88341,19.29154],[72.8834,19.2946]]]}},{"type":"Feature","properties":{"kind":"wetland"},"geometry":{"type":"Polygon","coordinates":[[[72.88334,19.29534],[72.88334,19.29635],[72.88369,19.2962],[72.88403,19.29659],[72.88433,19.2964],[72.88406,19.29573],[72.88457,19.29475],[72.88434,19.29456],[72.88422,19.29484],[72.88388,19.29471],[72.88372,19.29483],[72.88401,19.29542],[72.88364,19.29567],[72.88334,19.29534]]]}},{"type":"Feature","properties":{"kind":"forest"},"geometry":{"type":"Polygon","coordinates":[[[72.88695,19.29157],[72.88712,19.29115],[72.88612,19.29082],[72.88614,19.29047],[72.88336,19.29046],[72.88334,19.29113],[72.88351,19.29104],[72.8836,19.29067],[72.8839,19.29075],[72.88414,19.29097],[72.88406,19.2912],[72.88494,19.29213],[72.88497,19.29238],[72.88475,19.29304],[72.88516,19.29344],[72.88572,19.29127],[72.88695,19.29157]]]}},{"type":"Feature","properties":{"kind":"forest"},"geometry":{"type":"Polygon","coordinates":[[[72.88619,19.2908],[72.88623,19.29045],[72.88717,19.29045],[72.88744,19.29062],[72.88725,19.29115],[72.88619,19.2908]]]}},{"type":"Feature","properties":{"kind":"forest"},"geometry":{"type":"Polygon","coordinates":[[[72.88942,19.29158],[72.88979,19.2914],[72.88991,19.2912],[72.89036,19.2911],[72.89051,19.29085],[72.89025,19.29078],[72.89037,19.29046],[72.89102,19.29044],[72.89162,19.29142],[72.8927,19.29043],[72.89297,19.2905],[72.89266,19.29128],[72.89238,19.29156],[72.89204,19.29155],[72.89193,19.29182],[72.89202,19.29209],[72.8918,19.29237],[72.89151,19.29188],[72.89124,19.29167],[72.89092,19.29188],[72.89057,19.29316],[72.89022,19.29308],[72.88985,19.29163],[72.88949,19.29169],[72.88942,19.29158]]]}},{"type":"Feature","properties":{"kind":"scrub"},"geometry":{"type":"Polygon","coordinates":[[[72.88334,19.2988],[72.88336,19.29691],[72.88393,19.29666],[72.88399,19.29677],[72.88354,19.29698],[72.88369,19.29715],[72.88439,19.29711],[72.88456,19.29694],[72.88474,19.29709],[72.88334,19.2988]]]}},{"type":"Feature","properties":{"kind":"wetland"},"geometry":{"type":"Polygon","coordinates":[[[72.88335,19.30074],[72.8834,19.2998],[72.88421,19.30073],[72.88335,19.30074]]]}},{"type":"Feature","properties":{"kind":"forest"},"geometry":{"type":"Polygon","coordinates":[[[72.88567,19.29844],[72.88638,19.29917],[72.88676,19.29874],[72.88685,19.29821],[72.88656,19.29688],[72.8867,19.29682],[72.88669,19.29632],[72.88572,19.29633],[72.88492,19.2971],[72.88509,19.29718],[72.88542,19.2969],[72.88593,19.29683],[72.88636,19.29715],[72.88642,19.29769],[72.88628,19.29797],[72.88563,19.29837],[72.88567,19.29844]]]}},{"type":"Feature","properties":{"kind":"forest"},"geometry":{"type":"Polygon","coordinates":[[[72.88941,19.29431],[72.88926,19.29373],[72.88903,19.29374],[72.88903,19.29345],[72.88934,19.29353],[72.88944,19.29317],[72.88984,19.29315],[72.88993,19.29384],[72.88986,19.29414],[72.88963,19.2941],[72.88941,19.29431]]]}},{"type":"Feature","properties":{"kind":"forest"},"geometry":{"type":"Polygon","coordinates":[[[72.88044,19.28763],[72.88094,19.28831],[72.88128,19.28806],[72.88105,19.28766],[72.88081,19.28752],[72.88062,19.28745],[72.88044,19.28763]]]}},{"type":"Feature","properties":{"kind":"forest"},"geometry":{"type":"Polygon","coordinates":[[[72.881,19.28939],[72.88099,19.28895],[72.88133,19.28886],[72.88133,19.28928],[72.88185,19.28914],[72.88204,19.28945],[72.88212,19.29027],[72.88194,19.29033],[72.88168,19.29021],[72.881,19.28939]]]}},{"type":"Feature","properties":{"kind":"scrub"},"geometry":{"type":"Polygon","coordinates":[[[72.87443,19.28632],[72.87463,19.28612],[72.87484,19.28632],[72.87515,19.28629],[72.87518,19.28645],[72.87669,19.28644],[72.87651,19.28658],[72.87691,19.28709],[72.87649,19.28736],[72.87542,19.28732],[72.87443,19.28632]]]}},{"type":"Feature","properties":{"kind":"forest"},"geometry":{"type":"Polygon","coordinates":[[[72.88314,19.28918],[72.88275,19.28904],[72.88269,19.28887],[72.88227,19.28885],[72.88221,19.28894],[72.8824,19.28978],[72.88257,19.28986],[72.88309,19.28985],[72.88314,19.28918]]]}},{"type":"Feature","properties":{"kind":"scrub"},"geometry":{"type":"Polygon","coordinates":[[[72.88216,19.28887],[72.8827,19.2888],[72.88281,19.28903],[72.88316,19.28911],[72.88318,19.28714],[72.8828,19.28749],[72.88258,19.28797],[72.88232,19.28817],[72.88193,19.28822],[72.88216,19.28887]]]}},{"type":"Feature","properties":{"kind":"farmland"},"geometry":{"type":"Polygon","coordinates":[[[72.88038,19.28665],[72.88129,19.28684],[72.88113,19.28733],[72.88054,19.28706],[72.88038,19.28665]]]}},{"type":"Feature","properties":{"kind":"wetland"},"geometry":{"type":"Polygon","coordinates":[[[72.839,19.29747],[72.83896,19.29651],[72.83976,19.29584],[72.84107,19.29573],[72.84259,19.29305],[72.84203,19.28984],[72.84105,19.29015],[72.84116,19.29329],[72.83735,19.29381],[72.8373,19.29279],[72.83616,19.29288],[72.83613,19.29345],[72.83574,19.29424],[72.83587,19.29497],[72.83621,19.29602],[72.83694,19.29728],[72.83789,19.29704],[72.83828,19.29749],[72.839,19.29747]]]}},{"type":"Feature","properties":{"kind":"farmland"},"geometry":{"type":"Polygon","coordinates":[[[72.84291,19.29048],[72.84339,19.29275],[72.84543,19.29244],[72.84527,19.29154],[72.8454,19.29151],[72.84519,19.29045],[72.84291,19.29048]]]}},{"type":"Feature","properties":{"kind":"scrub"},"geometry":{"type":"Polygon","coordinates":[[[72.88244,19.29036],[72.88238,19.28982],[72.88308,19.28989],[72.88307,19.29037],[72.88244,19.29036]]]}},{"type":"Feature","properties":{"kind":"scrub"},"geometry":{"type":"Polygon","coordinates":[[[72.88089,19.29],[72.88092,19.28958],[72.88116,19.28972],[72.88161,19.29037],[72.88124,19.29038],[72.88089,19.29]]]}},{"type":"Feature","properties":{"kind":"forest"},"geometry":{"type":"Polygon","coordinates":[[[72.88177,19.2804],[72.88123,19.28035],[72.8812,19.28013],[72.88086,19.2803],[72.88069,19.28009],[72.88046,19.28026],[72.88147,19.28116],[72.88164,19.28095],[72.88177,19.2804]]]}},{"type":"Feature","properties":{"kind":"forest"},"geometry":{"type":"Polygon","coordinates":[[[72.88006,19.28122],[72.88003,19.28106],[72.88033,19.28112],[72.88038,19.28071],[72.88057,19.28056],[72.88133,19.28124],[72.88071,19.28189],[72.88064,19.28135],[72.88006,19.28122]]]}},{"type":"Feature","properties":{"kind":"forest"},"geometry":{"type":"Polygon","coordinates":[[[72.88253,19.28211],[72.88279,19.28235],[72.88351,19.28174],[72.88326,19.28144],[72.88326,19.28116],[72.88285,19.28121],[72.88253,19.28211]]]}},{"type":"Feature","properties":{"kind":"forest"},"geometry":{"type":"Polygon","coordinates":[[[72.84269,19.29375],[72.84328,19.29373],[72.84338,19.29386],[72.8434,19.29374],[72.84407,19.29409],[72.84455,19.29403],[72.84441,19.29421],[72.8431,19.29403],[72.84269,19.29375]]]}},{"type":"Feature","properties":{"kind":"farmland"},"geometry":{"type":"Polygon","coordinates":[[[72.84237,19.29051],[72.84267,19.29047],[72.8431,19.29257],[72.84268,19.29269],[72.84237,19.29051]]]}},{"type":"Feature","properties":{"kind":"farmland"},"geometry":{"type":"Polygon","coordinates":[[[72.79058,19.29757],[72.79043,19.2976],[72.79062,19.29818],[72.7912,19.29812],[72.79104,19.29745],[72.79058,19.29757]]]}},{"type":"Feature","properties":{"kind":"farmland"},"geometry":{"type":"Polygon","coordinates":[[[72.79068,19.29747],[72.79066,19.29736],[72.7905,19.2974],[72.79053,19.29752],[72.79039,19.29754],[72.79018,19.29702],[72.79023,19.29686],[72.79045,19.29719],[72.7906,19.29714],[72.7904,19.29659],[72.79064,19.29659],[72.79063,19.29646],[72.79077,19.29646],[72.79107,19.29684],[72.79086,19.29709],[72.791,19.29741],[72.79068,19.29747]]]}},{"type":"Feature","properties":{"kind":"forest"},"geometry":{"type":"Polygon","coordinates":[[[72.79258,19.29609],[72.79336,19.29704],[72.79339,19.29749],[72.79419,19.29797],[72.79356,19.29584],[72.79329,19.29566],[72.7927,19.29565],[72.79283,19.29597],[72.79258,19.29609]]]}},{"type":"Feature","properties":{"kind":"farmland"},"geometry":{"type":"Polygon","coordinates":[[[72.79184,19.29888],[72.79216,19.2994],[72.79246,19.29957],[72.79285,19.29924],[72.79251,19.29903],[72.7923,19.29908],[72.79215,19.2987],[72.79184,19.29888]]]}},{"type":"Feature","properties":{"kind":"farmland"},"geometry":{"type":"Polygon","coordinates":[[[72.79314,19.29953],[72.7933,19.29996],[72.79381,19.29985],[72.79375,19.29939],[72.79314,19.29953]]]}},{"type":"Feature","properties":{"kind":"farmland"},"geometry":{"type":"Polygon","coordinates":[[[72.79114,19.29435],[72.79122,19.29467],[72.79153,19.29491],[72.79185,19.2947],[72.79124,19.29369],[72.79094,19.29383],[72.791,19.2942],[72.79117,19.29418],[72.79114,19.29435]]]}},{"type":"Feature","properties":{"kind":"farmland"},"geometry":{"type":"Polygon","coordinates":[[[72.7948,19.29186],[72.79518,19.29173],[72.79501,19.29132],[72.79525,19.29123],[72.79515,19.29096],[72.79443,19.29118],[72.7948,19.29186]]]}},{"type":"Feature","properties":{"kind":"farmland"},"geometry":{"type":"Polygon","coordinates":[[[72.78998,19.29187],[72.79107,19.29162],[72.79098,19.29074],[72.79027,19.29103],[72.79012,19.29075],[72.78995,19.29083],[72.78998,19.29187]]]}},{"type":"Feature","properties":{"kind":"farmland"},"geometry":{"type":"Polygon","coordinates":[[[72.78994,19.29079],[72.79013,19.29072],[72.79029,19.29098],[72.79095,19.29071],[72.79093,19.29044],[72.78994,19.29044],[72.78994,19.29079]]]}},{"type":"Feature","properties":{"kind":"farmland"},"geometry":{"type":"Polygon","coordinates":[[[72.79108,19.29048],[72.79121,19.29153],[72.79167,19.29141],[72.79147,19.2908],[72.79154,19.29062],[72.79217,19.29067],[72.79218,19.29043],[72.79108,19.29048]]]}},{"type":"Feature","properties":{"kind":"farmland"},"geometry":{"type":"Polygon","coordinates":[[[72.79104,19.293],[72.79121,19.29313],[72.79206,19.29279],[72.79218,19.29317],[72.79271,19.29306],[72.79263,19.29224],[72.79197,19.29209],[72.79178,19.2917],[72.79139,19.2918],[72.79125,19.29232],[72.79088,19.29251],[72.79083,19.29266],[72.79089,19.29295],[72.79104,19.293]]]}},{"type":"Feature","properties":{"kind":"farmland"},"geometry":{"type":"Polygon","coordinates":[[[72.78742,19.29377],[72.78745,19.2922],[72.78911,19.29246],[72.78886,19.29295],[72.78877,19.29357],[72.78839,19.29395],[72.78742,19.29377]]]}},{"type":"Feature","properties":{"kind":"farmland"},"geometry":{"type":"Polygon","coordinates":[[[72.7892,19.29247],[72.78952,19.29218],[72.78963,19.29238],[72.7899,19.29227],[72.78986,19.29049],[72.78719,19.29046],[72.78721,19.2907],[72.78742,19.29068],[72.78741,19.29087],[72.78757,19.29087],[72.78757,19.29098],[72.7869,19.29088],[72.78701,19.29125],[72.78719,19.29121],[72.78725,19.29165],[72.78757,19.29168],[72.78753,19.29208],[72.7892,19.29247]]]}},{"type":"Feature","properties":{"kind":"forest"},"geometry":{"type":"Polygon","coordinates":[[[72.78765,19.29512],[72.7882,19.29523],[72.78846,19.29494],[72.78819,19.29467],[72.78765,19.2947],[72.78733,19.29447],[72.78739,19.29424],[72.78721,19.29418],[72.78711,19.29452],[72.78695,19.2946],[72.78767,19.29486],[72.78765,19.29512]]]}},{"type":"Feature","properties":{"kind":"farmland"},"geometry":{"type":"Polygon","coordinates":[[[72.78903,19.29456],[72.78916,19.29395],[72.78938,19.2941],[72.78953,19.29391],[72.78987,19.29398],[72.78989,19.29439],[72.78946,19.2951],[72.78903,19.29456]]]}},{"type":"Feature","properties":{"kind":"forest"},"geometry":{"type":"Polygon","coordinates":[[[72.78565,19.29452],[72.78659,19.29446],[72.78659,19.29426],[72.78633,19.2942],[72.78682,19.29388],[72.78605,19.29394],[72.78608,19.29408],[72.78581,19.29411],[72.78565,19.29452]]]}},{"type":"Feature","properties":{"kind":"forest"},"geometry":{"type":"Polygon","coordinates":[[[72.78537,19.29541],[72.78606,19.29552],[72.78631,19.29525],[72.78621,19.29496],[72.786,19.2949],[72.78585,19.29517],[72.78538,19.29521],[72.78537,19.29541]]]}},{"type":"Feature","properties":{"kind":"forest"},"geometry":{"type":"Polygon","coordinates":[[[72.78617,19.29302],[72.78622,19.29313],[72.7864,19.29309],[72.78635,19.29288],[72.78685,19.29287],[72.78689,19.29278],[72.7865,19.2926],[72.78653,19.29234],[72.78641,19.2922],[72.78623,19.29226],[72.78637,19.29228],[72.7863,19.29241],[72.78606,19.29249],[72.7863,19.29249],[72.78613,19.29281],[72.78617,19.29302]]]}},{"type":"Feature","properties":{"kind":"farmland"},"geometry":{"type":"Polygon","coordinates":[[[72.78738,19.29521],[72.78739,19.29473],[72.78761,19.29486],[72.78763,19.29516],[72.78825,19.29528],[72.78825,19.29556],[72.78745,19.29557],[72.78766,19.29546],[72.78768,19.2953],[72.78738,19.29521]]]}},{"type":"Feature","properties":{"kind":"farmland"},"geometry":{"type":"Polygon","coordinates":[[[72.78727,19.29563],[72.78816,19.29562],[72.78839,19.29614],[72.78813,19.29618],[72.78815,19.29639],[72.78796,19.29654],[72.78804,19.29698],[72.78775,19.29707],[72.78748,19.29659],[72.78724,19.29654],[72.78727,19.29563]]]}},{"type":"Feature","properties":{"kind":"farmland"},"geometry":{"type":"Polygon","coordinates":[[[72.78624,19.29677],[72.78663,19.29679],[72.78665,19.29658],[72.78692,19.2966],[72.78668,19.29625],[72.78671,19.29577],[72.78637,19.29571],[72.78639,19.29604],[72.7863,19.29605],[72.78619,19.29645],[72.78624,19.29677]]]}},{"type":"Feature","properties":{"kind":"scrub"},"geometry":{"type":"Polygon","coordinates":[[[72.78665,19.29954],[72.78687,19.29968],[72.78736,19.29964],[72.78748,19.29956],[72.78745,19.29935],[72.78758,19.29936],[72.78742,19.29869],[72.7872,19.29831],[72.78675,19.29854],[72.78654,19.29885],[72.78662,19.2993],[72.78653,19.29951],[72.78665,19.29954]]]}},{"type":"Feature","properties":{"kind":"forest"},"geometry":{"type":"Polygon","coordinates":[[[72.78723,19.3004],[72.78754,19.30062],[72.78771,19.30041],[72.78758,19.29965],[72.78718,19.29966],[72.78727,19.29987],[72.78723,19.3004]]]}},{"type":"Feature","properties":{"kind":"forest"},"geometry":{"type":"Polygon","coordinates":[[[72.78545,19.2978],[72.78562,19.29753],[72.78612,19.29775],[72.78619,19.29751],[72.78588,19.29746],[72.78592,19.29707],[72.78559,19.29703],[72.78554,19.29748],[72.78537,19.29763],[72.78545,19.2978]]]}},{"type":"Feature","properties":{"kind":"forest"},"geometry":{"type":"Polygon","coordinates":[[[72.78729,19.29748],[72.78768,19.2974],[72.78786,19.29723],[72.78748,19.29664],[72.78737,19.29663],[72.78735,19.29731],[72.78703,19.29742],[72.78698,19.29767],[72.78719,19.29777],[72.78729,19.29748]]]}},{"type":"Feature","properties":{"kind":"wetland"},"geometry":{"type":"Polygon","coordinates":[[[72.80093,19.30073],[72.80374,19.30074],[72.80359,19.30026],[72.80634,19.30001],[72.80632,19.2995],[72.80518,19.29954],[72.80452,19.29937],[72.80404,19.29906],[72.80407,19.29852],[72.80361,19.2989],[72.80175,19.29946],[72.80097,19.29956],[72.80093,19.30073]]]}},{"type":"Feature","properties":{"kind":"farmland"},"geometry":{"type":"Polygon","coordinates":[[[72.80329,19.29798],[72.80382,19.29785],[72.80398,19.29797],[72.80527,19.29714],[72.80526,19.29698],[72.80358,19.29753],[72.80323,19.29788],[72.80329,19.29798]]]}},{"type":"Feature","properties":{"kind":"wetland"},"geometry":{"type":"Polygon","coordinates":[[[72.80568,19.29709],[72.80587,19.29797],[72.80634,19.29782],[72.80633,19.29658],[72.80568,19.29709]]]}},{"type":"Feature","properties":{"kind":"farmland"},"geometry":{"type":"Polygon","coordinates":[[[72.80404,19.29801],[72.8041,19.29839],[72.8036,19.29887],[72.80094,19.29951],[72.80091,19.29561],[72.80487,19.29562],[72.80499,19.29617],[72.80496,19.29702],[72.80362,19.29747],[72.80319,19.29786],[72.80326,19.298],[72.8039,19.29785],[72.80404,19.29801]]]}},{"type":"Feature","properties":{"kind":"forest"},"geometry":{"type":"Polygon","coordinates":[[[72.80096,19.29509],[72.80257,19.29494],[72.80248,19.29438],[72.80269,19.29425],[72.80264,19.29405],[72.80231,19.29384],[72.80096,19.29401],[72.80096,19.29509]]]}},{"type":"Feature","properties":{"kind":"forest"},"geometry":{"type":"Polygon","coordinates":[[[72.80104,19.29243],[72.8021,19.29266],[72.80229,19.29259],[72.80293,19.29212],[72.80317,19.29212],[72.80307,19.29168],[72.80257,19.29145],[72.80229,19.29107],[72.80216,19.29105],[72.80154,19.29133],[72.80167,19.29182],[72.80152,19.29195],[72.80138,19.29197],[72.8011,19.29168],[72.80104,19.29184],[72.80124,19.29202],[72.80125,19.29222],[72.80104,19.29243]]]}},{"type":"Feature","properties":{"kind":"wetland"},"geometry":{"type":"Polygon","coordinates":[[[72.80531,19.29452],[72.80583,19.29524],[72.80647,19.29511],[72.80631,19.29437],[72.80706,19.29252],[72.80618,19.29236],[72.80605,19.29275],[72.80584,19.29297],[72.80531,19.29452]]]}},{"type":"Feature","properties":{"kind":"wetland"},"geometry":{"type":"Polygon","coordinates":[[[72.80442,19.29313],[72.80525,19.29444],[72.80613,19.29234],[72.80517,19.29165],[72.80442,19.29313]]]}},{"type":"Feature","properties":{"kind":"wetland"},"geometry":{"type":"Polygon","coordinates":[[[72.80498,19.29143],[72.80622,19.29231],[72.80638,19.2923],[72.80636,19.2905],[72.80498,19.29143]]]}},{"type":"Feature","properties":{"kind":"wetland"},"geometry":{"type":"Polygon","coordinates":[[[72.80392,19.29222],[72.80426,19.2931],[72.80434,19.29307],[72.80511,19.29167],[72.80483,19.29144],[72.80392,19.29222]]]}},{"type":"Feature","properties":{"kind":"wetland"},"geometry":{"type":"Polygon","coordinates":[[[72.80292,19.29411],[72.80417,19.29415],[72.80446,19.29403],[72.80409,19.29343],[72.80283,19.2938],[72.80292,19.29411]]]}},{"type":"Feature","properties":{"kind":"farmland"},"geometry":{"type":"Polygon","coordinates":[[[72.80276,19.29421],[72.80402,19.29421],[72.80443,19.29548],[72.80473,19.29542],[72.80477,19.29555],[72.80093,19.29557],[72.80093,19.29511],[72.80259,19.29496],[72.8025,19.29442],[72.80276,19.29421]]]}},{"type":"Feature","properties":{"kind":"farmland"},"geometry":{"type":"Polygon","coordinates":[[[72.80095,19.29398],[72.8026,19.29368],[72.80234,19.29348],[72.80185,19.29264],[72.80093,19.29251],[72.80095,19.29398]]]}},{"type":"Feature","properties":{"kind":"forest"},"geometry":{"type":"Polygon","coordinates":[[[72.80317,19.29243],[72.80323,19.29255],[72.80362,19.29243],[72.80353,19.29211],[72.80373,19.29202],[72.80368,19.29162],[72.80311,19.29153],[72.80337,19.29179],[72.80323,19.29193],[72.80332,19.29211],[72.80322,19.29221],[72.80335,19.29241],[72.80317,19.29243]]]}},{"type":"Feature","properties":{"kind":"forest"},"geometry":{"type":"Polygon","coordinates":[[[72.80451,19.29132],[72.80442,19.29107],[72.80389,19.29125],[72.80375,19.2908],[72.80412,19.29099],[72.80509,19.29064],[72.80501,19.291],[72.80451,19.29132]]]}},{"type":"Feature","properties":{"kind":"forest"},"geometry":{"type":"Polygon","coordinates":[[[72.79549,19.30073],[72.79604,19.30073],[72.79647,19.30054],[72.79661,19.30064],[72.79667,19.30044],[72.79689,19.30052],[72.79701,19.3002],[72.79691,19.29991],[72.79707,19.29978],[72.7971,19.29998],[72.7976,19.29992],[72.79799,19.29933],[72.79792,19.29916],[72.79802,19.29906],[72.79813,19.29918],[72.79837,19.29902],[72.79831,19.29887],[72.79865,19.29872],[72.79876,19.29853],[72.79887,19.29863],[72.7991,19.29831],[72.79954,19.29654],[72.79974,19.29657],[72.79982,19.29637],[72.7996,19.29632],[72.7999,19.29561],[72.79931,19.29563],[72.79921,19.296],[72.79845,19.29662],[72.79753,19.29857],[72.79713,19.29906],[72.7958,19.29981],[72.79549,19.30073]]]}},{"type":"Feature","properties":{"kind":"forest"},"geometry":{"type":"Polygon","coordinates":[[[72.80085,19.29584],[72.80084,19.2956],[72.80015,19.29571],[72.80031,19.29583],[72.79996,19.29632],[72.79981,19.2969],[72.79995,19.29708],[72.80013,19.297],[72.80022,19.29622],[72.80069,19.29606],[72.80085,19.29584]]]}},{"type":"Feature","properties":{"kind":"wetland"},"geometry":{"type":"Polygon","coordinates":[[[72.79789,19.30028],[72.79845,19.30043],[72.79854,19.30041],[72.79855,19.30004],[72.80053,19.29994],[72.8006,19.30074],[72.80088,19.30072],[72.80088,19.29952],[72.79807,19.2999],[72.79789,19.30028]]]}},{"type":"Feature","properties":{"kind":"farmland"},"geometry":{"type":"Polygon","coordinates":[[[72.79837,19.29964],[72.7983,19.29946],[72.79842,19.29932],[72.7992,19.29903],[72.79969,19.29806],[72.79945,19.29799],[72.79948,19.29782],[72.79973,19.29788],[72.79983,19.29745],[72.80014,19.297],[72.80023,19.29623],[72.80071,19.29607],[72.80077,19.29587],[72.80088,19.29587],[72.80086,19.29946],[72.79895,19.2997],[72.79837,19.29964]]]}},{"type":"Feature","properties":{"kind":"forest"},"geometry":{"type":"Polygon","coordinates":[[[72.79828,19.29925],[72.79847,19.29928],[72.79849,19.29916],[72.79877,19.29911],[72.7988,19.29899],[72.79905,19.29901],[72.79941,19.29855],[72.79918,19.29842],[72.79828,19.29925]]]}},{"type":"Feature","properties":{"kind":"forest"},"geometry":{"type":"Polygon","coordinates":[[[72.7977,19.2905],[72.79929,19.29279],[72.79977,19.29306],[72.80013,19.29297],[72.80004,19.29248],[72.80023,19.29226],[72.80015,19.29193],[72.79981,19.29193],[72.79954,19.29177],[72.79893,19.29061],[72.79874,19.29046],[72.7977,19.2905]]]}},{"type":"Feature","properties":{"kind":"farmland"},"geometry":{"type":"Polygon","coordinates":[[[72.80061,19.29358],[72.80067,19.29384],[72.80086,19.29399],[72.80087,19.29261],[72.80071,19.29268],[72.80068,19.29257],[72.80029,19.29277],[72.80058,19.29321],[72.80061,19.29358]]]}},{"type":"Feature","properties":{"kind":"forest"},"geometry":{"type":"Polygon","coordinates":[[[72.79911,19.29556],[72.8,19.29555],[72.79986,19.29516],[72.80003,19.2949],[72.80019,19.2949],[72.80014,19.29455],[72.80027,19.29426],[72.80011,19.29428],[72.80011,19.29409],[72.80028,19.29401],[72.80013,19.29351],[72.80018,19.29386],[72.79911,19.2953],[72.79911,19.29556]]]}},{"type":"Feature","properties":{"kind":"farmland"},"geometry":{"type":"Polygon","coordinates":[[[72.79896,19.29047],[72.79971,19.29177],[72.79996,19.29162],[72.80012,19.29186],[72.80034,19.29165],[72.80031,19.29131],[72.80042,19.29119],[72.80005,19.29044],[72.79896,19.29047]]]}},{"type":"Feature","properties":{"kind":"wetland"},"geometry":{"type":"Polygon","coordinates":[[[72.80789,19.29538],[72.80911,19.29554],[72.80938,19.295],[72.81017,19.29479],[72.81124,19.29557],[72.81174,19.29556],[72.81198,19.29516],[72.81102,19.29391],[72.81119,19.29273],[72.81003,19.29229],[72.80885,19.29288],[72.80789,19.29538]]]}},{"type":"Feature","properties":{"kind":"wetland"},"geometry":{"type":"Polygon","coordinates":[[[72.8065,19.29235],[72.80758,19.2926],[72.80811,19.29241],[72.80853,19.29196],[72.80898,19.29092],[72.80765,19.29044],[72.80643,19.29046],[72.8065,19.29235]]]}},{"type":"Feature","properties":{"kind":"wetland"},"geometry":{"type":"Polygon","coordinates":[[[72.81008,19.29227],[72.81007,19.29215],[72.81052,19.29192],[72.81095,19.29134],[72.81151,19.29126],[72.81111,19.29194],[72.81116,19.29253],[72.81008,19.29227]]]}},{"type":"Feature","properties":{"kind":"wetland"},"geometry":{"type":"Polygon","coordinates":[[[72.80938,19.29225],[72.81012,19.29176],[72.81002,19.29144],[72.81016,19.29127],[72.8108,19.29133],[72.81034,19.29187],[72.80938,19.29225]]]}},{"type":"Feature","properties":{"kind":"wetland"},"geometry":{"type":"Polygon","coordinates":[[[72.81126,19.294],[72.81205,19.29488],[72.81245,19.29493],[72.81346,19.29466],[72.81352,19.29452],[72.81334,19.29443],[72.81228,19.29416],[72.81252,19.29293],[72.8122,19.29206],[72.81232,19.29133],[72.81156,19.29141],[72.81129,19.2919],[72.81149,19.29283],[72.81126,19.294]]]}},{"type":"Feature","properties":{"kind":"wetland"},"geometry":{"type":"Polygon","coordinates":[[[72.81237,19.29413],[72.81353,19.29446],[72.81378,19.29404],[72.81379,19.29366],[72.81316,19.29225],[72.81339,19.29209],[72.8131,19.29147],[72.81287,19.29149],[72.81288,19.29127],[72.81243,19.29125],[72.81227,19.29179],[72.81229,19.29232],[72.81252,19.29246],[72.81257,19.29272],[72.81237,19.29413]]]}},{"type":"Feature","properties":{"kind":"wetland"},"geometry":{"type":"Polygon","coordinates":[[[72.81354,19.29474],[72.81385,19.29371],[72.81333,19.29246],[72.81394,19.29232],[72.81443,19.29255],[72.81506,19.29323],[72.81529,19.29497],[72.81515,19.29528],[72.81354,19.29474]]]}},{"type":"Feature","properties":{"kind":"wetland"},"geometry":{"type":"Polygon","coordinates":[[[72.82861,19.28088],[72.83131,19.28031],[72.8312,19.28074],[72.82944,19.28114],[72.82889,19.28122],[72.82861,19.28088]]]}},{"type":"Feature","properties":{"kind":"wetland"},"geometry":{"type":"Polygon","coordinates":[[[72.82843,19.28082],[72.82841,19.28046],[72.82999,19.28037],[72.83134,19.28011],[72.83136,19.28025],[72.83109,19.28032],[72.82843,19.28082]]]}},{"type":"Feature","properties":{"kind":"wetland"},"geometry":{"type":"Polygon","coordinates":[[[72.82845,19.28042],[72.82847,19.2801],[72.83105,19.28008],[72.82995,19.28033],[72.82845,19.28042]]]}},{"type":"Feature","properties":{"kind":"wetland"},"geometry":{"type":"Polygon","coordinates":[[[72.79118,19.28143],[72.79148,19.28147],[72.79144,19.28182],[72.79226,19.28189],[72.79197,19.28218],[72.79087,19.28215],[72.79084,19.28174],[72.79114,19.28173],[72.79113,19.28198],[72.79134,19.28197],[72.79135,19.28175],[72.79116,19.28173],[72.79118,19.28143]]]}},{"type":"Feature","properties":{"kind":"wetland"},"geometry":{"type":"Polygon","coordinates":[[[72.79165,19.28294],[72.79259,19.28314],[72.79263,19.28286],[72.79281,19.28282],[72.79282,19.28269],[72.79237,19.28262],[72.79238,19.28244],[72.79216,19.28244],[72.79213,19.28264],[72.79187,19.28261],[72.79184,19.28278],[72.79166,19.28276],[72.79165,19.28294]]]}},{"type":"Feature","properties":{"kind":"forest"},"geometry":{"type":"Polygon","coordinates":[[[72.79452,19.28007],[72.79454,19.28075],[72.79464,19.28088],[72.79537,19.28097],[72.79537,19.28006],[72.79452,19.28007]]]}},{"type":"Feature","properties":{"kind":"farmland"},"geometry":{"type":"Polygon","coordinates":[[[72.79372,19.2818],[72.79361,19.28112],[72.79427,19.281],[72.79444,19.28124],[72.79414,19.28184],[72.79372,19.2818]]]}},{"type":"Feature","properties":{"kind":"forest"},"geometry":{"type":"Polygon","coordinates":[[[72.79408,19.28316],[72.79435,19.28285],[72.79448,19.28201],[72.795,19.28214],[72.79534,19.28208],[72.79521,19.28294],[72.79497,19.28322],[72.79485,19.28372],[72.79442,19.28351],[72.79408,19.28316]]]}},{"type":"Feature","properties":{"kind":"scrub"},"geometry":{"type":"Polygon","coordinates":[[[72.79019,19.2804],[72.79015,19.28084],[72.79111,19.2809],[72.79109,19.28066],[72.79121,19.2806],[72.79104,19.28059],[72.79106,19.28019],[72.79074,19.28015],[72.79068,19.28029],[72.79019,19.2804]]]}},{"type":"Feature","properties":{"kind":"wetland"},"geometry":{"type":"Polygon","coordinates":[[[72.79106,19.28058],[72.79187,19.28069],[72.79192,19.28006],[72.79152,19.28005],[72.79127,19.28041],[72.79115,19.28015],[72.79106,19.28058]]]}},{"type":"Feature","properties":{"kind":"scrub"},"geometry":{"type":"Polygon","coordinates":[[[72.79347,19.28334],[72.79337,19.28382],[72.79403,19.28383],[72.79395,19.28321],[72.79377,19.28355],[72.79383,19.28314],[72.79347,19.28334]]]}},{"type":"Feature","properties":{"kind":"forest"},"geometry":{"type":"Polygon","coordinates":[[[72.78334,19.27791],[72.78346,19.27812],[72.78383,19.27809],[72.7844,19.27778],[72.78439,19.27601],[72.78419,19.27602],[72.78392,19.27651],[72.78354,19.27657],[72.78331,19.27696],[72.78302,19.27694],[72.78255,19.27722],[72.78227,19.27687],[72.78212,19.27696],[72.7821,19.27731],[72.78226,19.27739],[72.78244,19.27782],[72.78342,19.2774],[72.78348,19.27768],[72.78334,19.27791]]]}},{"type":"Feature","properties":{"kind":"forest"},"geometry":{"type":"Polygon","coordinates":[[[72.78266,19.27343],[72.78293,19.27364],[72.78295,19.27415],[72.78345,19.27474],[72.78401,19.27527],[72.78439,19.27538],[72.78438,19.27337],[72.78401,19.27292],[72.78393,19.27256],[72.78433,19.27261],[72.78429,19.27219],[72.78408,19.27198],[72.78282,19.27196],[72.78292,19.27206],[72.7827,19.27219],[72.78254,19.27276],[72.78212,19.27271],[72.78242,19.27294],[72.78234,19.27319],[72.78242,19.27332],[72.78218,19.27327],[72.78211,19.27348],[72.78254,19.27356],[72.78266,19.27343]]]}},{"type":"Feature","properties":{"kind":"farmland"},"geometry":{"type":"Polygon","coordinates":[[[72.78217,19.27106],[72.78252,19.2715],[72.78264,19.27158],[72.78269,19.27142],[72.78281,19.27149],[72.78395,19.26988],[72.78283,19.27019],[72.78217,19.27106]]]}},{"type":"Feature","properties":{"kind":"forest"},"geometry":{"type":"Polygon","coordinates":[[[72.78194,19.27164],[72.78221,19.27211],[72.78215,19.27226],[72.78259,19.27228],[72.78273,19.27187],[72.78255,19.27179],[72.78259,19.27166],[72.78196,19.27149],[72.78194,19.27164]]]}},{"type":"Feature","properties":{"kind":"forest"},"geometry":{"type":"Polygon","coordinates":[[[72.78107,19.27419],[72.78163,19.27435],[72.78152,19.2736],[72.78111,19.27369],[72.78107,19.27419]]]}},{"type":"Feature","properties":{"kind":"forest"},"geometry":{"type":"Polygon","coordinates":[[[72.78074,19.27891],[72.78084,19.27917],[72.78144,19.27904],[72.78139,19.27891],[72.78106,19.27894],[72.78113,19.27862],[72.78129,19.27859],[72.78117,19.27818],[72.78124,19.27782],[72.78108,19.27787],[72.78102,19.27849],[72.78074,19.27891]]]}},{"type":"Feature","properties":{"kind":"scrub"},"geometry":{"type":"Polygon","coordinates":[[[72.82849,19.29752],[72.82855,19.29802],[72.82897,19.29806],[72.82906,19.29787],[72.82926,19.29783],[72.82918,19.29746],[72.8293,19.29734],[72.82907,19.2971],[72.82873,19.29752],[72.82849,19.29752]]]}},{"type":"Feature","properties":{"kind":"forest"},"geometry":{"type":"Polygon","coordinates":[[[72.80041,19.27496],[72.80102,19.2752],[72.80126,19.27503],[72.80129,19.27477],[72.80183,19.27455],[72.8019,19.27423],[72.80167,19.27395],[72.8013,19.27387],[72.80107,19.27426],[72.80094,19.27426],[72.8005,19.27381],[72.80057,19.27359],[72.80031,19.27354],[72.80023,19.2734],[72.79994,19.27344],[72.79991,19.27362],[72.79971,19.27374],[72.79982,19.27428],[72.80001,19.27441],[72.79996,19.27532],[72.80044,19.27548],[72.80028,19.27518],[72.80041,19.27496]]]}},{"type":"Feature","properties":{"kind":"farmland"},"geometry":{"type":"Polygon","coordinates":[[[72.80216,19.27184],[72.8023,19.27255],[72.80268,19.27276],[72.80276,19.273],[72.80308,19.27279],[72.80287,19.27174],[72.80216,19.27184]]]}},{"type":"Feature","properties":{"kind":"forest"},"geometry":{"type":"Polygon","coordinates":[[[72.8037,19.27116],[72.80394,19.27128],[72.80404,19.27173],[72.80452,19.27241],[72.8052,19.27222],[72.80472,19.27118],[72.80427,19.27075],[72.8037,19.27116]]]}},{"type":"Feature","properties":{"kind":"farmland"},"geometry":{"type":"Polygon","coordinates":[[[72.80303,19.27144],[72.80358,19.27144],[72.80364,19.27113],[72.80352,19.27106],[72.80403,19.27049],[72.80294,19.27065],[72.80303,19.27144]]]}},{"type":"Feature","properties":{"kind":"forest"},"geometry":{"type":"Polygon","coordinates":[[[72.80298,19.27392],[72.80321,19.27355],[72.80365,19.27371],[72.80349,19.27394],[72.8032,19.27399],[72.80342,19.27464],[72.80307,19.27481],[72.80278,19.27448],[72.80295,19.27436],[72.80257,19.27404],[72.80263,19.27387],[72.80298,19.27392]]]}},{"type":"Feature","properties":{"kind":"farmland"},"geometry":{"type":"Polygon","coordinates":[[[72.80068,19.27384],[72.80078,19.27347],[72.80182,19.27375],[72.80173,19.27396],[72.80129,19.27385],[72.80106,19.27423],[72.80077,19.27411],[72.80068,19.27384]]]}},{"type":"Feature","properties":{"kind":"farmland"},"geometry":{"type":"Polygon","coordinates":[[[72.79847,19.27249],[72.79891,19.27272],[72.79903,19.27235],[72.79938,19.27241],[72.79946,19.27178],[72.7992,19.27192],[72.79902,19.27183],[72.79861,19.27195],[72.79847,19.27249]]]}},{"type":"Feature","properties":{"kind":"farmland"},"geometry":{"type":"Polygon","coordinates":[[[72.79687,19.27155],[72.79722,19.2706],[72.79897,19.2711],[72.79829,19.27187],[72.79687,19.27155]]]}},{"type":"Feature","properties":{"kind":"forest"},"geometry":{"type":"Polygon","coordinates":[[[72.79722,19.27057],[72.79912,19.27101],[72.79925,19.27007],[72.79838,19.27007],[72.79846,19.26966],[72.79693,19.26976],[72.79666,19.27022],[72.79661,19.27005],[72.79629,19.27001],[72.79633,19.27024],[72.79652,19.27033],[72.79634,19.27084],[72.79665,19.27132],[72.79659,19.27203],[72.79722,19.2723],[72.79756,19.27215],[72.79774,19.2718],[72.79789,19.27185],[72.79772,19.2724],[72.79817,19.27258],[72.79832,19.27189],[72.79685,19.27155],[72.79722,19.27057]]]}},{"type":"Feature","properties":{"kind":"forest"},"geometry":{"type":"Polygon","coordinates":[[[72.80003,19.27144],[72.8001,19.27173],[72.79938,19.27151],[72.79928,19.27112],[72.79884,19.27143],[72.79912,19.27153],[72.79898,19.2718],[72.7992,19.27189],[72.79935,19.27174],[72.79951,19.27177],[72.79957,19.2721],[72.79982,19.27206],[72.79989,19.27189],[72.80002,19.27209],[72.80049,19.2718],[72.80077,19.27189],[72.8008,19.27201],[72.80069,19.27204],[72.80088,19.27213],[72.80126,19.27179],[72.80075,19.27105],[72.80069,19.27122],[72.80023,19.27125],[72.80003,19.27144]]]}},{"type":"Feature","properties":{"kind":"forest"},"geometry":{"type":"Polygon","coordinates":[[[72.80001,19.27005],[72.8007,19.27037],[72.80076,19.27063],[72.80094,19.27045],[72.80218,19.27037],[72.80279,19.26995],[72.8026,19.26977],[72.80232,19.26992],[72.80201,19.26969],[72.80173,19.26903],[72.80153,19.26906],[72.80111,19.26953],[72.80132,19.27008],[72.8009,19.27022],[72.80032,19.27011],[72.80005,19.26991],[72.80001,19.27005]]]}},{"type":"Feature","properties":{"kind":"forest"},"geometry":{"type":"Polygon","coordinates":[[[72.80002,19.26976],[72.79998,19.26952],[72.80042,19.26926],[72.80046,19.26897],[72.80041,19.26882],[72.79998,19.269],[72.80021,19.26868],[72.80004,19.26811],[72.80061,19.26799],[72.80063,19.26812],[72.80098,19.26814],[72.80104,19.26998],[72.8004,19.26998],[72.80002,19.26976]]]}},{"type":"Feature","properties":{"kind":"forest"},"geometry":{"type":"Polygon","coordinates":[[[72.80127,19.27268],[72.80164,19.27316],[72.80194,19.27317],[72.80234,19.27298],[72.80237,19.27334],[72.80253,19.27331],[72.80256,19.27279],[72.80228,19.27257],[72.80213,19.27201],[72.80179,19.27225],[72.80137,19.27229],[72.80139,19.27266],[72.80127,19.27268]]]}},{"type":"Feature","properties":{"kind":"farmland"},"geometry":{"type":"Polygon","coordinates":[[[72.79784,19.27735],[72.79807,19.27736],[72.79811,19.2777],[72.79852,19.27752],[72.79852,19.2773],[72.79892,19.27725],[72.79895,19.27739],[72.79923,19.27739],[72.79946,19.27681],[72.79881,19.27668],[72.79882,19.27686],[72.79849,19.27683],[72.79824,19.27656],[72.79792,19.2766],[72.79802,19.27712],[72.79784,19.27713],[72.79784,19.27735]]]}},{"type":"Feature","properties":{"kind":"forest"},"geometry":{"type":"Polygon","coordinates":[[[72.79768,19.28001],[72.79765,19.2793],[72.79732,19.27936],[72.79724,19.27922],[72.79672,19.27918],[72.79694,19.27903],[72.79688,19.27885],[72.79721,19.27837],[72.79684,19.27712],[72.7965,19.27716],[72.7965,19.27728],[72.79625,19.27729],[72.7962,19.27807],[72.79642,19.28001],[72.79768,19.28001]]]}},{"type":"Feature","properties":{"kind":"forest"},"geometry":{"type":"Polygon","coordinates":[[[72.79545,19.27715],[72.79601,19.27634],[72.796,19.27596],[72.79546,19.27621],[72.79545,19.27715]]]}},{"type":"Feature","properties":{"kind":"forest"},"geometry":{"type":"Polygon","coordinates":[[[72.79544,19.27842],[72.79551,19.27737],[72.79604,19.27659],[72.79616,19.27738],[72.79611,19.27844],[72.79544,19.27842]]]}},{"type":"Feature","properties":{"kind":"forest"},"geometry":{"type":"Polygon","coordinates":[[[72.79732,19.27571],[72.7977,19.27572],[72.79787,19.27535],[72.79777,19.27502],[72.79763,19.27494],[72.79743,19.27506],[72.79744,19.27488],[72.79735,19.27488],[72.79727,19.27532],[72.79716,19.27535],[72.79732,19.27571]]]}},{"type":"Feature","properties":{"kind":"forest"},"geometry":{"type":"Polygon","coordinates":[[[72.79616,19.28174],[72.79655,19.28186],[72.79689,19.28167],[72.79703,19.28174],[72.79701,19.28199],[72.79672,19.28207],[72.79673,19.28218],[72.79712,19.2821],[72.79729,19.28226],[72.79722,19.28266],[72.79682,19.28258],[72.7967,19.28275],[72.79681,19.28327],[72.79663,19.28392],[72.79667,19.28454],[72.79695,19.28504],[72.79709,19.28504],[72.7972,19.28457],[72.7973,19.28446],[72.7976,19.28456],[72.79785,19.28397],[72.7973,19.28406],[72.79704,19.28379],[72.79707,19.28341],[72.79736,19.28344],[72.79742,19.28326],[72.7978,19.28315],[72.79786,19.283],[72.79741,19.28245],[72.79759,19.28162],[72.79741,19.28137],[72.7977,19.28126],[72.79724,19.28041],[72.79678,19.28039],[72.79668,19.28069],[72.79634,19.2807],[72.79619,19.28112],[72.79616,19.28174]]]}},{"type":"Feature","properties":{"kind":"farmland"},"geometry":{"type":"Polygon","coordinates":[[[72.79793,19.28406],[72.79766,19.28511],[72.79752,19.28521],[72.79747,19.28581],[72.79766,19.28696],[72.79826,19.28873],[72.79926,19.28817],[72.79938,19.28775],[72.79982,19.28729],[72.8002,19.28716],[72.79972,19.28607],[72.79952,19.28615],[72.7994,19.28597],[72.79895,19.2861],[72.79906,19.28599],[72.79901,19.28576],[72.79944,19.28561],[72.79902,19.2847],[72.79885,19.28469],[72.79844,19.28405],[72.79793,19.28406]]]}},{"type":"Feature","properties":{"kind":"forest"},"geometry":{"type":"Polygon","coordinates":[[[72.79769,19.29042],[72.7987,19.29036],[72.7987,19.29025],[72.7983,19.28928],[72.79801,19.28813],[72.7978,19.28775],[72.7975,19.28758],[72.79735,19.28721],[72.7975,19.28687],[72.79734,19.28649],[72.7974,19.28606],[72.79663,19.28559],[72.79636,19.28575],[72.79622,19.28611],[72.79658,19.28664],[72.79686,19.28808],[72.79718,19.28881],[72.79716,19.28933],[72.79742,19.28967],[72.79769,19.29042]]]}},{"type":"Feature","properties":{"kind":"forest"},"geometry":{"type":"Polygon","coordinates":[[[72.79726,19.2783],[72.79754,19.27815],[72.79721,19.27744],[72.79729,19.27674],[72.79718,19.27674],[72.79713,19.27711],[72.79694,19.27717],[72.79726,19.2783]]]}},{"type":"Feature","properties":{"kind":"forest"},"geometry":{"type":"Polygon","coordinates":[[[72.79547,19.27541],[72.79545,19.27488],[72.79691,19.27488],[72.79664,19.27572],[72.79547,19.27541]]]}},{"type":"Feature","properties":{"kind":"forest"},"geometry":{"type":"Polygon","coordinates":[[[72.79321,19.27248],[72.79325,19.27317],[72.79435,19.27358],[72.79444,19.27405],[72.7948,19.27386],[72.79521,19.27325],[72.79498,19.2731],[72.79442,19.27307],[72.79413,19.27293],[72.7941,19.27276],[72.79444,19.27269],[72.79447,19.27254],[72.7947,19.27274],[72.79485,19.27267],[72.79459,19.2722],[72.79485,19.27197],[72.79506,19.27197],[72.79551,19.27226],[72.79577,19.27117],[72.79541,19.27088],[72.79534,19.27032],[72.79417,19.27028],[72.7937,19.27093],[72.79321,19.27248]]]}},{"type":"Feature","properties":{"kind":"forest"},"geometry":{"type":"Polygon","coordinates":[[[72.79212,19.2733],[72.79274,19.27353],[72.79306,19.27344],[72.79296,19.27271],[72.79311,19.271],[72.79304,19.2706],[72.7928,19.27081],[72.79244,19.27054],[72.7922,19.27068],[72.79176,19.27063],[72.79166,19.27075],[72.79148,19.27142],[72.79168,19.27332],[72.79212,19.2733]]]}},{"type":"Feature","properties":{"kind":"farmland"},"geometry":{"type":"Polygon","coordinates":[[[72.8706,19.28806],[72.87022,19.28767],[72.86966,19.28813],[72.86963,19.2883],[72.8694,19.28833],[72.86942,19.28867],[72.86918,19.28878],[72.86915,19.28908],[72.86978,19.28976],[72.86989,19.28966],[72.86981,19.28934],[72.87011,19.28927],[72.8703,19.28948],[72.87071,19.28936],[72.87071,19.28874],[72.87132,19.28878],[72.87114,19.28802],[72.87089,19.28798],[72.87068,19.28815],[72.8706,19.28806]]]}},{"type":"Feature","properties":{"kind":"wetland"},"geometry":{"type":"Polygon","coordinates":[[[72.83277,19.29837],[72.8332,19.29834],[72.83334,19.29887],[72.834,19.29878],[72.83398,19.2982],[72.83281,19.29822],[72.83385,19.2983],[72.83392,19.29853],[72.83378,19.29867],[72.83352,19.29868],[72.83329,19.29832],[72.83277,19.29837]]]}},{"type":"Feature","properties":{"kind":"forest"},"geometry":{"type":"Polygon","coordinates":[[[72.86606,19.27524],[72.86614,19.27464],[72.86638,19.27404],[72.86649,19.27401],[72.86707,19.27524],[72.86628,19.27513],[72.86606,19.27524]]]}},{"type":"Feature","properties":{"kind":"forest"},"geometry":{"type":"Polygon","coordinates":[[[72.89305,19.26428],[72.89322,19.26396],[72.8929,19.26376],[72.89293,19.26361],[72.8927,19.26353],[72.89289,19.26271],[72.89319,19.26235],[72.89338,19.26251],[72.89336,19.26274],[72.89363,19.26279],[72.8939,19.26311],[72.89426,19.26392],[72.89331,19.26425],[72.89334,19.26445],[72.89305,19.26445],[72.89297,19.26431],[72.89305,19.26428]]]}},{"type":"Feature","properties":{"kind":"forest"},"geometry":{"type":"Polygon","coordinates":[[[72.89377,19.26266],[72.89395,19.26269],[72.89423,19.2622],[72.89428,19.2593],[72.8888,19.2593],[72.88883,19.26362],[72.88898,19.26352],[72.88913,19.2636],[72.88916,19.26334],[72.88945,19.26298],[72.8907,19.26193],[72.89067,19.26171],[72.89112,19.26141],[72.89157,19.26134],[72.89158,19.26146],[72.89195,19.26134],[72.89198,19.2616],[72.89228,19.26121],[72.8926,19.26117],[72.89324,19.26039],[72.89314,19.25976],[72.89319,19.2596],[72.89342,19.25949],[72.89371,19.25972],[72.89352,19.26005],[72.8936,19.26032],[72.89338,19.26053],[72.89323,19.26044],[72.89255,19.26125],[72.89263,19.26146],[72.89245,19.26167],[72.89267,19.26172],[72.89304,19.2615],[72.89308,19.26116],[72.89329,19.26163],[72.89322,19.26201],[72.89361,19.26243],[72.89377,19.26239],[72.89377,19.26266]]]}},{"type":"Feature","properties":{"kind":"forest"},"geometry":{"type":"Polygon","coordinates":[[[72.89053,19.26442],[72.8913,19.26444],[72.89168,19.2636],[72.89213,19.26309],[72.89248,19.2622],[72.89257,19.26227],[72.89192,19.26353],[72.89208,19.26376],[72.89205,19.26401],[72.8924,19.26393],[72.89243,19.26328],[72.89265,19.2627],[72.89262,19.26199],[72.89239,19.26187],[72.89205,19.26287],[72.89115,19.26342],[72.89095,19.26338],[72.89095,19.26379],[72.89053,19.26442]]]}},{"type":"Feature","properties":{"kind":"wetland"},"geometry":{"type":"Polygon","coordinates":[[[72.84485,19.25929],[72.84484,19.25654],[72.8443,19.25615],[72.84403,19.2563],[72.84387,19.25616],[72.84383,19.25465],[72.84365,19.25411],[72.84194,19.25412],[72.84081,19.25443],[72.84067,19.25411],[72.83958,19.25412],[72.83971,19.25463],[72.83938,19.2546],[72.83936,19.25929],[72.84485,19.25929]]]}},{"type":"Feature","properties":{"kind":"forest"},"geometry":{"type":"Polygon","coordinates":[[[72.78601,19.28801],[72.78618,19.28826],[72.7864,19.28824],[72.78641,19.28842],[72.78676,19.28843],[72.7866,19.28777],[72.78625,19.28737],[72.7858,19.28767],[72.78602,19.28783],[72.78601,19.28801]]]}},{"type":"Feature","properties":{"kind":"forest"},"geometry":{"type":"Polygon","coordinates":[[[72.78545,19.2877],[72.78547,19.28728],[72.78574,19.28725],[72.78572,19.28652],[72.78589,19.28627],[72.78619,19.28675],[72.78614,19.2871],[72.7863,19.28719],[72.78545,19.2877]]]}},{"type":"Feature","properties":{"kind":"farmland"},"geometry":{"type":"Polygon","coordinates":[[[72.78857,19.28576],[72.78929,19.28581],[72.78922,19.2856],[72.78901,19.28559],[72.78902,19.2853],[72.78856,19.28521],[72.78857,19.28576]]]}},{"type":"Feature","properties":{"kind":"farmland"},"geometry":{"type":"Polygon","coordinates":[[[72.78897,19.28851],[72.78894,19.28842],[72.78914,19.2884],[72.78901,19.28777],[72.78928,19.2876],[72.78985,19.28765],[72.78988,19.28853],[72.78897,19.28851]]]}},{"type":"Feature","properties":{"kind":"scrub"},"geometry":{"type":"Polygon","coordinates":[[[72.82006,19.29463],[72.82025,19.29502],[72.82043,19.29505],[72.82045,19.29479],[72.82072,19.29481],[72.82051,19.2946],[72.82062,19.29437],[72.82047,19.2942],[72.82038,19.2943],[72.82014,19.29425],[72.82006,19.29463]]]}},{"type":"Feature","properties":{"kind":"farmland"},"geometry":{"type":"Polygon","coordinates":[[[72.81746,19.29341],[72.81762,19.29413],[72.81811,19.29417],[72.81835,19.29438],[72.81863,19.29441],[72.81847,19.29546],[72.81874,19.2957],[72.81879,19.29535],[72.81905,19.29538],[72.8191,19.29488],[72.81929,19.29488],[72.81924,19.29445],[72.81957,19.29446],[72.81961,19.29429],[72.81936,19.29423],[72.81959,19.29353],[72.81984,19.29351],[72.81994,19.29328],[72.81862,19.29261],[72.81807,19.29262],[72.81782,19.29331],[72.81746,19.29341]]]}},{"type":"Feature","properties":{"kind":"forest"},"geometry":{"type":"Polygon","coordinates":[[[72.8188,19.29357],[72.81919,19.29374],[72.81932,19.29398],[72.81944,19.29391],[72.81961,19.29325],[72.81892,19.29324],[72.8187,19.29312],[72.81891,19.29354],[72.8188,19.29357]]]}},{"type":"Feature","properties":{"kind":"scrub"},"geometry":{"type":"Polygon","coordinates":[[[72.8224,19.29697],[72.82331,19.29744],[72.82322,19.29722],[72.82332,19.29709],[72.82379,19.2971],[72.82313,19.29664],[72.82288,19.29679],[72.82279,19.29667],[72.82196,19.29658],[72.82253,19.29686],[72.8224,19.29697]]]}},{"type":"Feature","properties":{"kind":"forest"},"geometry":{"type":"Polygon","coordinates":[[[72.89835,19.28479],[72.89842,19.28453],[72.89875,19.28435],[72.89918,19.2852],[72.89892,19.2852],[72.89835,19.28479]]]}},{"type":"Feature","properties":{"kind":"farmland"},"geometry":{"type":"Polygon","coordinates":[[[72.8973,19.28506],[72.89788,19.28441],[72.89813,19.28459],[72.89755,19.28523],[72.8973,19.28506]]]}},{"type":"Feature","properties":{"kind":"wetland"},"geometry":{"type":"Polygon","coordinates":[[[72.83417,19.29628],[72.83486,19.29647],[72.83547,19.29759],[72.83567,19.29746],[72.83547,19.297],[72.83532,19.29565],[72.83533,19.29601],[72.83516,19.29634],[72.8347,19.29609],[72.83418,19.29613],[72.83417,19.29628]]]}},{"type":"Feature","properties":{"kind":"wetland"},"geometry":{"type":"Polygon","coordinates":[[[72.83663,19.29988],[72.83686,19.29944],[72.83932,19.29929],[72.83924,19.29947],[72.83851,19.29986],[72.83663,19.29988]]]}},{"type":"Feature","properties":{"kind":"scrub"},"geometry":{"type":"Polygon","coordinates":[[[72.89616,19.28777],[72.89828,19.28681],[72.89799,19.28629],[72.89745,19.28645],[72.8968,19.28686],[72.89638,19.28696],[72.8959,19.2869],[72.89616,19.28777]]]}},{"type":"Feature","properties":{"kind":"scrub"},"geometry":{"type":"Polygon","coordinates":[[[72.89531,19.28652],[72.89605,19.28674],[72.89662,19.28674],[72.89812,19.28599],[72.8961,19.28612],[72.8954,19.28628],[72.89531,19.28652]]]}},{"type":"Feature","properties":{"kind":"forest"},"geometry":{"type":"Polygon","coordinates":[[[72.89504,19.28759],[72.89596,19.28764],[72.89574,19.28686],[72.89533,19.28674],[72.89497,19.28691],[72.89488,19.28714],[72.89504,19.28759]]]}},{"type":"Feature","properties":{"kind":"farmland"},"geometry":{"type":"Polygon","coordinates":[[[72.9,19.28552],[72.90084,19.28601],[72.9018,19.28611],[72.90179,19.28588],[72.90106,19.28561],[72.90114,19.28545],[72.90082,19.28526],[72.90001,19.28538],[72.9,19.28552]]]}},{"type":"Feature","properties":{"kind":"wetland"},"geometry":{"type":"Polygon","coordinates":[[[72.81746,19.28676],[72.8184,19.28657],[72.81819,19.28686],[72.81831,19.28699],[72.81826,19.28758],[72.81808,19.28783],[72.81814,19.28796],[72.81839,19.28706],[72.81923,19.28576],[72.81996,19.28513],[72.82023,19.2848],[72.82013,19.28474],[72.82077,19.28416],[72.82127,19.28402],[72.82142,19.28383],[72.82109,19.28391],[72.82125,19.28365],[72.82194,19.28314],[72.82231,19.28307],[72.8219,19.28349],[72.82279,19.28317],[72.82315,19.28355],[72.82283,19.28297],[72.82285,19.28275],[72.8255,19.28172],[72.82594,19.2818],[72.82809,19.28104],[72.82824,19.28123],[72.82829,19.28096],[72.82811,19.28091],[72.82695,19.28128],[72.82685,19.28119],[72.82674,19.28008],[72.82665,19.28022],[72.82681,19.28126],[72.8255,19.28157],[72.82507,19.28155],[72.8249,19.28139],[72.82473,19.28175],[72.82446,19.28181],[72.82432,19.28179],[72.82426,19.28155],[72.82442,19.28142],[72.82425,19.2814],[72.82395,19.28201],[72.82154,19.28326],[72.8199,19.28487],[72.81866,19.2858],[72.81847,19.28575],[72.81815,19.28533],[72.81825,19.28499],[72.81871,19.2846],[72.81866,19.28448],[72.81805,19.28437],[72.81793,19.2844],[72.81821,19.28465],[72.81744,19.28456],[72.81753,19.28521],[72.81801,19.28548],[72.81831,19.28583],[72.81746,19.28676]]]}},{"type":"Feature","properties":{"kind":"wetland"},"geometry":{"type":"Polygon","coordinates":[[[72.82207,19.28136],[72.8219,19.28105],[72.82149,19.28141],[72.82137,19.28121],[72.82121,19.28126],[72.82056,19.28174],[72.82069,19.28203],[72.81998,19.28288],[72.81988,19.28311],[72.81995,19.28324],[72.81929,19.28378],[72.8194,19.28388],[72.81968,19.2837],[72.82085,19.28261],[72.82081,19.28243],[72.82136,19.28186],[72.82207,19.28136]]]}},{"type":"Feature","properties":{"kind":"wetland"},"geometry":{"type":"Polygon","coordinates":[[[72.90272,19.28346],[72.90347,19.2832],[72.90284,19.28293],[72.90247,19.28332],[72.90134,19.28306],[72.90189,19.28367],[72.90243,19.28369],[72.90272,19.28346]]]}},{"type":"Feature","properties":{"kind":"forest"},"geometry":{"type":"Polygon","coordinates":[[[72.90107,19.28353],[72.90101,19.28405],[72.90131,19.28413],[72.90126,19.28449],[72.90136,19.28447],[72.90148,19.28334],[72.90108,19.28327],[72.90107,19.28353]]]}},{"type":"Feature","properties":{"kind":"wetland"},"geometry":{"type":"Polygon","coordinates":[[[72.90078,19.28387],[72.90097,19.28388],[72.90107,19.28324],[72.90119,19.28327],[72.90121,19.28303],[72.90087,19.28246],[72.90073,19.28264],[72.90037,19.28272],[72.90027,19.28311],[72.90076,19.28327],[72.90068,19.28385],[72.90078,19.28387]]]}},{"type":"Feature","properties":{"kind":"farmland"},"geometry":{"type":"Polygon","coordinates":[[[72.90333,19.28337],[72.90355,19.28389],[72.90411,19.2836],[72.90381,19.28312],[72.90333,19.28337]]]}},{"type":"Feature","properties":{"kind":"scrub"},"geometry":{"type":"Polygon","coordinates":[[[72.90287,19.28089],[72.90314,19.28113],[72.90368,19.28129],[72.90394,19.28051],[72.90333,19.28029],[72.90321,19.28072],[72.90292,19.28068],[72.90287,19.28089]]]}},{"type":"Feature","properties":{"kind":"scrub"},"geometry":{"type":"Polygon","coordinates":[[[72.90471,19.28154],[72.90481,19.28126],[72.90554,19.2814],[72.90541,19.28197],[72.90513,19.2819],[72.90506,19.28165],[72.90471,19.28154]]]}},{"type":"Feature","properties":{"kind":"forest"},"geometry":{"type":"Polygon","coordinates":[[[72.78589,19.27029],[72.78607,19.2703],[72.78593,19.2706],[72.78609,19.27116],[72.78602,19.27137],[72.78638,19.27142],[72.78644,19.27153],[72.78679,19.27145],[72.78704,19.27163],[72.78707,19.27188],[72.78777,19.27211],[72.7882,19.27249],[72.78888,19.27259],[72.78915,19.27244],[72.78912,19.27231],[72.78937,19.27208],[72.79003,19.27179],[72.79023,19.27196],[72.79034,19.27177],[72.79015,19.27063],[72.79041,19.27028],[72.79047,19.27006],[72.79033,19.26997],[72.79027,19.27029],[72.78994,19.27017],[72.78983,19.27045],[72.78952,19.27046],[72.78939,19.27039],[72.78935,19.26992],[72.78795,19.26991],[72.78793,19.2702],[72.78829,19.2707],[72.788,19.27075],[72.7875,19.27056],[72.78737,19.27073],[72.7871,19.27066],[72.78728,19.27002],[72.78607,19.26981],[72.78588,19.26991],[72.78589,19.27029]]]}},{"type":"Feature","properties":{"kind":"farmland"},"geometry":{"type":"Polygon","coordinates":[[[72.86262,19.26701],[72.86378,19.26668],[72.86429,19.26624],[72.8645,19.26668],[72.86424,19.26691],[72.86357,19.2669],[72.86329,19.26704],[72.86303,19.26775],[72.86288,19.26783],[72.86266,19.26779],[72.86268,19.26736],[72.86253,19.26705],[72.86262,19.26701]]]}},{"type":"Feature","properties":{"kind":"farmland"},"geometry":{"type":"Polygon","coordinates":[[[72.86452,19.26063],[72.86461,19.261],[72.86391,19.26112],[72.864,19.26143],[72.86558,19.26104],[72.86522,19.26026],[72.86485,19.26057],[72.86452,19.26063]]]}},{"type":"Feature","properties":{"kind":"scrub"},"geometry":{"type":"Polygon","coordinates":[[[72.86458,19.26208],[72.86469,19.26204],[72.86505,19.26281],[72.86566,19.26264],[72.86594,19.26346],[72.86573,19.26355],[72.86587,19.26379],[72.86501,19.264],[72.86482,19.26383],[72.86458,19.26208]]]}},{"type":"Feature","properties":{"kind":"forest"},"geometry":{"type":"Polygon","coordinates":[[[72.86419,19.26328],[72.86443,19.26309],[72.86441,19.2625],[72.86426,19.26217],[72.86412,19.26218],[72.86412,19.26241],[72.86402,19.26243],[72.86402,19.2626],[72.86417,19.26262],[72.86419,19.26328]]]}},{"type":"Feature","properties":{"kind":"forest"},"geometry":{"type":"Polygon","coordinates":[[[72.88336,19.26441],[72.88824,19.26446],[72.88832,19.26377],[72.88877,19.26343],[72.88879,19.2593],[72.88331,19.2593],[72.88336,19.26441]]]}},{"type":"Feature","properties":{"kind":"farmland"},"geometry":{"type":"Polygon","coordinates":[[[72.8681,19.26094],[72.86778,19.26107],[72.8681,19.26142],[72.8699,19.26041],[72.87024,19.26075],[72.87077,19.26089],[72.87086,19.26049],[72.87038,19.25947],[72.87026,19.25944],[72.86982,19.25991],[72.86961,19.25979],[72.86969,19.25939],[72.86956,19.25933],[72.86685,19.25931],[72.86687,19.26064],[72.86789,19.26026],[72.86812,19.26048],[72.8681,19.26094]]]}},{"type":"Feature","properties":{"kind":"farmland"},"geometry":{"type":"Polygon","coordinates":[[[72.86703,19.26306],[72.86798,19.26212],[72.8681,19.26181],[72.86806,19.26167],[72.86774,19.26155],[72.86769,19.26134],[72.86753,19.26137],[72.86737,19.26103],[72.86787,19.26082],[72.86784,19.2605],[72.8665,19.26106],[72.86687,19.26228],[72.86655,19.26241],[72.8667,19.26297],[72.86696,19.26314],[72.86703,19.26306]]]}},{"type":"Feature","properties":{"kind":"wetland"},"geometry":{"type":"Polygon","coordinates":[[[72.8682,19.25987],[72.86836,19.26025],[72.86888,19.26035],[72.86897,19.26025],[72.86893,19.26012],[72.86877,19.26023],[72.86897,19.2596],[72.8682,19.25987]]]}},{"type":"Feature","properties":{"kind":"wetland"},"geometry":{"type":"Polygon","coordinates":[[[72.87057,19.25912],[72.87086,19.25949],[72.87112,19.25926],[72.8712,19.25896],[72.87104,19.25845],[72.87094,19.25841],[72.87057,19.25912]]]}},{"type":"Feature","properties":{"kind":"farmland"},"geometry":{"type":"Polygon","coordinates":[[[72.8669,19.25926],[72.86908,19.25927],[72.86896,19.25892],[72.86914,19.25894],[72.86921,19.25883],[72.86908,19.25862],[72.86879,19.2587],[72.86874,19.25902],[72.86848,19.25873],[72.86851,19.25852],[72.86863,19.25869],[72.86902,19.25846],[72.86891,19.25815],[72.86857,19.25831],[72.86861,19.25849],[72.8683,19.25825],[72.86838,19.25795],[72.86849,19.25813],[72.86889,19.25798],[72.86888,19.25774],[72.86915,19.25794],[72.86908,19.2577],[72.86886,19.2575],[72.86835,19.25784],[72.86731,19.25806],[72.86712,19.25833],[72.86724,19.25892],[72.8669,19.25926]]]}},{"type":"Feature","properties":{"kind":"scrub"},"geometry":{"type":"Polygon","coordinates":[[[72.79134,19.27961],[72.7917,19.27963],[72.79171,19.27952],[72.79209,19.27937],[72.79218,19.27957],[72.79252,19.27944],[72.79234,19.27922],[72.79244,19.27907],[72.79209,19.27892],[72.79192,19.2786],[72.79151,19.27878],[72.79138,19.2783],[72.79127,19.27839],[72.79126,19.27875],[72.79158,19.27895],[72.79123,19.27923],[72.79121,19.27946],[72.79134,19.27961]]]}},{"type":"Feature","properties":{"kind":"farmland"},"geometry":{"type":"Polygon","coordinates":[[[72.78463,19.27733],[72.78499,19.27798],[72.78609,19.27776],[72.78704,19.27723],[72.78731,19.27739],[72.78715,19.27788],[72.78747,19.27788],[72.78744,19.27713],[72.78779,19.27707],[72.78792,19.27788],[72.78816,19.27776],[72.78812,19.2776],[72.78839,19.27753],[72.78842,19.27659],[72.78803,19.27648],[72.78818,19.27622],[72.78845,19.27622],[72.78848,19.27609],[72.78907,19.27617],[72.78909,19.27627],[72.78954,19.27629],[72.7898,19.27647],[72.79047,19.27603],[72.79061,19.27599],[72.79088,19.27624],[72.79165,19.27585],[72.79103,19.27483],[72.79094,19.27445],[72.79103,19.27423],[72.79166,19.27378],[72.79141,19.27148],[72.79158,19.27061],[72.79114,19.27027],[72.79114,19.26981],[72.79074,19.26984],[72.79072,19.27029],[72.7903,19.27075],[72.79042,19.27178],[72.79026,19.27206],[72.79,19.27182],[72.78982,19.27188],[72.78884,19.27265],[72.78794,19.27241],[72.78771,19.27215],[72.78702,19.27188],[72.78681,19.27151],[72.78634,19.27156],[72.78634,19.27146],[72.78606,19.27142],[72.78623,19.27195],[72.78644,19.27188],[72.78736,19.27215],[72.7873,19.27263],[72.78713,19.27279],[72.78705,19.27323],[72.78687,19.27336],[72.78616,19.2734],[72.78604,19.27515],[72.78616,19.27593],[72.7858,19.27651],[72.78598,19.27666],[72.78526,19.27705],[72.78469,19.27711],[72.78463,19.27733]]]}},{"type":"Feature","properties":{"kind":"farmland"},"geometry":{"type":"Polygon","coordinates":[[[72.79143,19.27532],[72.79198,19.27542],[72.79196,19.27517],[72.79247,19.2752],[72.79258,19.27492],[72.79238,19.2749],[72.79239,19.27475],[72.79262,19.27474],[72.79274,19.27452],[72.79261,19.27418],[72.79188,19.27407],[72.79103,19.27433],[72.79106,19.27482],[72.79143,19.27532]]]}},{"type":"Feature","properties":{"kind":"forest"},"geometry":{"type":"Polygon","coordinates":[[[72.79302,19.27632],[72.79323,19.2767],[72.79367,19.2766],[72.7938,19.27646],[72.7937,19.27609],[72.79395,19.27619],[72.794,19.27634],[72.79409,19.2763],[72.79402,19.27605],[72.79511,19.27569],[72.79528,19.27541],[72.7942,19.2752],[72.79406,19.27533],[72.79369,19.27542],[72.79349,19.27532],[72.79335,19.27541],[72.79303,19.27503],[72.79295,19.27467],[72.79318,19.27454],[72.79323,19.27407],[72.79293,19.27388],[72.79224,19.27403],[72.79262,19.27411],[72.79277,19.27436],[72.79291,19.27436],[72.79253,19.2754],[72.79247,19.27634],[72.7928,19.27641],[72.79293,19.276],[72.79313,19.27612],[72.79302,19.27632]]]}},{"type":"Feature","properties":{"kind":"farmland"},"geometry":{"type":"Polygon","coordinates":[[[72.79252,19.28],[72.79247,19.27961],[72.79283,19.27957],[72.79292,19.2793],[72.79369,19.27877],[72.79377,19.27877],[72.79372,19.27898],[72.79401,19.27903],[72.79399,19.27885],[72.79417,19.27877],[72.79419,19.2784],[72.79462,19.27835],[72.7947,19.27852],[72.7949,19.27855],[72.79491,19.27935],[72.79456,19.27931],[72.79434,19.27952],[72.7945,19.28002],[72.79435,19.28002],[72.7943,19.27979],[72.79409,19.27985],[72.7941,19.28003],[72.79252,19.28]]]}},{"type":"Feature","properties":{"kind":"forest"},"geometry":{"type":"Polygon","coordinates":[[[72.78449,19.27601],[72.78447,19.27719],[72.78558,19.27657],[72.78604,19.27592],[72.7859,19.27522],[72.78445,19.27362],[72.78449,19.27601]]]}},{"type":"Feature","properties":{"kind":"forest"},"geometry":{"type":"Polygon","coordinates":[[[72.78464,19.27117],[72.78507,19.27111],[72.78507,19.27134],[72.7852,19.27143],[72.78579,19.27137],[72.78584,19.27093],[72.7857,19.27051],[72.78542,19.2706],[72.78506,19.27052],[72.78458,19.27092],[72.78464,19.27117]]]}},{"type":"Feature","properties":{"kind":"scrub"},"geometry":{"type":"Polygon","coordinates":[[[72.78446,19.26971],[72.78459,19.27067],[72.7849,19.27069],[72.78503,19.27045],[72.78576,19.27051],[72.78571,19.26996],[72.78544,19.26969],[72.78446,19.26971]]]}},{"type":"Feature","properties":{"kind":"forest"},"geometry":{"type":"Polygon","coordinates":[[[72.78603,19.26947],[72.78664,19.26933],[72.78672,19.26981],[72.78746,19.26991],[72.7879,19.2697],[72.78809,19.26973],[72.788,19.26986],[72.78868,19.26987],[72.78852,19.26906],[72.78905,19.26935],[72.78927,19.26938],[72.7894,19.26923],[72.78892,19.26855],[72.78916,19.26797],[72.78936,19.26791],[72.79023,19.26827],[72.79061,19.26801],[72.7909,19.2683],[72.791,19.26797],[72.79088,19.26751],[72.79127,19.26761],[72.79131,19.26717],[72.79123,19.26705],[72.79101,19.26711],[72.79042,19.26738],[72.79015,19.26727],[72.7897,19.26666],[72.78945,19.26683],[72.78829,19.26671],[72.78744,19.26642],[72.78663,19.26587],[72.78615,19.26575],[72.78563,19.2658],[72.78554,19.26633],[72.78535,19.26661],[72.785,19.26674],[72.78539,19.26722],[72.78521,19.268],[72.78598,19.26812],[72.78615,19.2688],[72.78603,19.26947]]]}},{"type":"Feature","properties":{"kind":"scrub"},"geometry":{"type":"Polygon","coordinates":[[[72.78488,19.27846],[72.78506,19.27842],[72.78516,19.2788],[72.78544,19.27875],[72.78552,19.27807],[72.78537,19.27811],[72.78532,19.278],[72.78473,19.27812],[72.78488,19.27846]]]}},{"type":"Feature","properties":{"kind":"scrub"},"geometry":{"type":"Polygon","coordinates":[[[72.78535,19.2788],[72.78539,19.27903],[72.78521,19.27903],[72.78516,19.27916],[72.78556,19.27945],[72.78583,19.27932],[72.78579,19.27915],[72.78604,19.27899],[72.78605,19.27868],[72.78567,19.27872],[72.7857,19.27882],[72.78555,19.27885],[72.78553,19.27876],[72.78535,19.2788]]]}},{"type":"Feature","properties":{"kind":"farmland"},"geometry":{"type":"Polygon","coordinates":[[[72.78536,19.27799],[72.78555,19.27804],[72.78548,19.27849],[72.78563,19.27845],[72.78572,19.27868],[72.78603,19.27862],[72.78626,19.27822],[72.78676,19.27825],[72.78674,19.27802],[72.7871,19.27796],[72.78705,19.27768],[72.78717,19.27735],[72.78617,19.27783],[72.78536,19.27799]]]}},{"type":"Feature","properties":{"kind":"scrub"},"geometry":{"type":"Polygon","coordinates":[[[72.78854,19.27855],[72.78879,19.27844],[72.78903,19.27849],[72.78901,19.27871],[72.78886,19.27873],[72.78896,19.27906],[72.78933,19.27895],[72.78929,19.27869],[72.78947,19.27882],[72.78945,19.27855],[72.78956,19.27882],[72.78984,19.27886],[72.78988,19.27851],[72.78976,19.27852],[72.78961,19.27787],[72.78969,19.27734],[72.78924,19.27748],[72.78914,19.27802],[72.7894,19.27806],[72.78924,19.27828],[72.78876,19.27828],[72.78878,19.27807],[72.78856,19.27793],[72.78821,19.27811],[72.78827,19.27824],[72.78789,19.2785],[72.78854,19.27855]]]}},{"type":"Feature","properties":{"kind":"forest"},"geometry":{"type":"Polygon","coordinates":[[[72.78638,19.27947],[72.78651,19.27967],[72.78702,19.27975],[72.78715,19.27945],[72.78703,19.2794],[72.78708,19.27916],[72.78678,19.27918],[72.78638,19.27947]]]}},{"type":"Feature","properties":{"kind":"scrub"},"geometry":{"type":"Polygon","coordinates":[[[72.78447,19.27205],[72.78489,19.27188],[72.78488,19.27163],[72.78527,19.27167],[72.78524,19.27157],[72.78545,19.27154],[72.7855,19.27141],[72.78509,19.27138],[72.78507,19.27112],[72.78444,19.2712],[72.78447,19.27205]]]}},{"type":"Feature","properties":{"kind":"farmland"},"geometry":{"type":"Polygon","coordinates":[[[72.80773,19.26508],[72.80754,19.26478],[72.8076,19.26404],[72.80792,19.26339],[72.80793,19.26297],[72.80853,19.26302],[72.80863,19.26346],[72.80827,19.26488],[72.80794,19.26516],[72.80773,19.26508]]]}},{"type":"Feature","properties":{"kind":"forest"},"geometry":{"type":"Polygon","coordinates":[[[72.87184,19.26684],[72.87229,19.26719],[72.87228,19.26607],[72.87206,19.26589],[72.87186,19.26624],[72.87194,19.26653],[72.87184,19.26684]]]}},{"type":"Feature","properties":{"kind":"forest"},"geometry":{"type":"Polygon","coordinates":[[[72.86956,19.2691],[72.87008,19.2692],[72.87014,19.26949],[72.86996,19.26959],[72.87105,19.26954],[72.86971,19.26826],[72.86956,19.2691]]]}},{"type":"Feature","properties":{"kind":"scrub"},"geometry":{"type":"Polygon","coordinates":[[[72.86695,19.2649],[72.86698,19.26598],[72.8674,19.26586],[72.86747,19.26484],[72.86695,19.2649]]]}},{"type":"Feature","properties":{"kind":"scrub"},"geometry":{"type":"Polygon","coordinates":[[[72.79951,19.26612],[72.79973,19.26619],[72.79972,19.26665],[72.80013,19.26669],[72.80021,19.2663],[72.8001,19.26582],[72.79943,19.26577],[72.79941,19.2661],[72.79951,19.26612]]]}},{"type":"Feature","properties":{"kind":"wetland"},"geometry":{"type":"Polygon","coordinates":[[[72.79967,19.26172],[72.79927,19.2632],[72.7994,19.26327],[72.79963,19.26303],[72.79989,19.26303],[72.79997,19.26325],[72.80012,19.26307],[72.8002,19.26321],[72.80072,19.26329],[72.80087,19.26354],[72.80112,19.26339],[72.80113,19.26314],[72.80129,19.26309],[72.80127,19.26275],[72.80161,19.26254],[72.80176,19.26202],[72.80203,19.26195],[72.80221,19.26145],[72.80172,19.26101],[72.80109,19.26109],[72.80082,19.26136],[72.79967,19.26172]]]}},{"type":"Feature","properties":{"kind":"wetland"},"geometry":{"type":"Polygon","coordinates":[[[72.81353,19.28226],[72.81392,19.28205],[72.8134,19.28082],[72.81284,19.28009],[72.81484,19.28011],[72.81478,19.28064],[72.81489,19.28094],[72.81556,19.28138],[72.81611,19.28157],[72.81605,19.28195],[72.81629,19.28229],[72.81607,19.2829],[72.81615,19.28379],[72.81597,19.28404],[72.81564,19.28414],[72.81529,19.28469],[72.81557,19.2855],[72.81577,19.28675],[72.8131,19.28912],[72.81298,19.28939],[72.81278,19.28953],[72.81256,19.28938],[72.81084,19.29097],[72.81064,19.29082],[72.812,19.28926],[72.81495,19.28718],[72.81512,19.28671],[72.81527,19.28439],[72.81588,19.28275],[72.81586,19.28237],[72.81563,19.28214],[72.81451,19.28181],[72.81421,19.28233],[72.81353,19.28226]]]}},{"type":"Feature","properties":{"kind":"wetland"},"geometry":{"type":"Polygon","coordinates":[[[72.81622,19.2841],[72.81725,19.28476],[72.81724,19.28403],[72.81681,19.2836],[72.8167,19.28285],[72.81695,19.28239],[72.81724,19.28221],[72.81705,19.28187],[72.81721,19.281],[72.81618,19.28059],[72.81653,19.28124],[72.81624,19.28186],[72.81658,19.28218],[72.81623,19.28287],[72.81622,19.2841]]]}},{"type":"Feature","properties":{"kind":"wetland"},"geometry":{"type":"Polygon","coordinates":[[[72.81592,19.28651],[72.81696,19.28654],[72.81691,19.28665],[72.81647,19.28674],[72.81648,19.28742],[72.81661,19.28747],[72.81681,19.28745],[72.81724,19.28677],[72.81735,19.28693],[72.81713,19.28788],[72.81526,19.28772],[72.81476,19.28844],[72.81392,19.28849],[72.81559,19.28723],[72.81585,19.28691],[72.81592,19.28651]]]}},{"type":"Feature","properties":{"kind":"forest"},"geometry":{"type":"Polygon","coordinates":[[[72.79362,19.27874],[72.7938,19.27875],[72.79375,19.27896],[72.79398,19.27901],[72.79396,19.27884],[72.79415,19.27875],[72.79417,19.27839],[72.79469,19.27834],[72.79493,19.27852],[72.79512,19.27828],[72.79508,19.27788],[72.79493,19.27781],[72.79462,19.27801],[72.79461,19.27826],[72.79423,19.27827],[72.79431,19.27799],[72.79417,19.27779],[72.79461,19.27781],[72.79479,19.27754],[72.794,19.27756],[72.79408,19.27734],[72.79442,19.27739],[72.79444,19.2773],[72.79443,19.27717],[72.79405,19.27713],[72.79409,19.27653],[72.79381,19.27659],[72.79385,19.27695],[72.79376,19.27698],[72.7937,19.27679],[72.79358,19.27699],[72.79345,19.27686],[72.79323,19.27705],[72.79345,19.27712],[72.79346,19.27736],[72.79392,19.27731],[72.79386,19.2777],[72.79344,19.27764],[72.79325,19.27774],[72.79291,19.27729],[72.79278,19.27729],[72.7928,19.27772],[72.79392,19.27785],[72.79386,19.278],[72.79348,19.27809],[72.79363,19.27851],[72.79381,19.27864],[72.79362,19.27874]]]}},{"type":"Feature","properties":{"kind":"wetland"},"geometry":{"type":"Polygon","coordinates":[[[72.78681,19.28065],[72.78711,19.28145],[72.78737,19.28134],[72.78727,19.28113],[72.78763,19.28116],[72.78755,19.28081],[72.78739,19.28085],[72.78729,19.2806],[72.78681,19.28065]]]}},{"type":"Feature","properties":{"kind":"forest"},"geometry":{"type":"Polygon","coordinates":[[[72.79455,19.275],[72.79462,19.27516],[72.79537,19.27529],[72.79536,19.27489],[72.79454,19.27489],[72.79455,19.275]]]}},{"type":"Feature","properties":{"kind":"farmland"},"geometry":{"type":"Polygon","coordinates":[[[72.78787,19.2837],[72.78803,19.2837],[72.78811,19.2841],[72.78854,19.28413],[72.78842,19.28348],[72.78845,19.28335],[72.78867,19.28338],[72.78869,19.28311],[72.78879,19.28311],[72.78873,19.28255],[72.78892,19.28255],[72.78892,19.28234],[72.78799,19.28238],[72.78781,19.28292],[72.7873,19.28281],[72.78731,19.2832],[72.78781,19.28332],[72.78787,19.2837]]]}},{"type":"Feature","properties":{"kind":"farmland"},"geometry":{"type":"Polygon","coordinates":[[[72.78864,19.2818],[72.78864,19.28203],[72.78912,19.2821],[72.78929,19.28163],[72.78961,19.28175],[72.78961,19.28186],[72.78977,19.28184],[72.78976,19.2816],[72.78964,19.28156],[72.7897,19.28128],[72.78941,19.28129],[72.78949,19.28092],[72.78982,19.28099],[72.78986,19.2803],[72.78963,19.2802],[72.78902,19.28031],[72.78893,19.28082],[72.78879,19.28098],[72.78857,19.281],[72.78854,19.28121],[72.78871,19.28121],[72.78897,19.28149],[72.78864,19.2818]]]}},{"type":"Feature","properties":{"kind":"scrub"},"geometry":{"type":"Polygon","coordinates":[[[72.78728,19.2846],[72.78784,19.28459],[72.78779,19.28513],[72.78732,19.28517],[72.78728,19.2846]]]}},{"type":"Feature","properties":{"kind":"farmland"},"geometry":{"type":"Polygon","coordinates":[[[72.78727,19.28452],[72.78724,19.28434],[72.78741,19.2843],[72.78727,19.28421],[72.78726,19.28398],[72.78742,19.28396],[72.7874,19.28346],[72.78778,19.28349],[72.78786,19.28399],[72.78807,19.28399],[72.7881,19.28415],[72.7878,19.28413],[72.78782,19.28435],[72.78806,19.28434],[72.78807,19.28447],[72.78727,19.28452]]]}},{"type":"Feature","properties":{"kind":"farmland"},"geometry":{"type":"Polygon","coordinates":[[[72.8025,19.27351],[72.80261,19.27278],[72.80275,19.27306],[72.80317,19.2728],[72.80325,19.27313],[72.80415,19.2734],[72.80418,19.27353],[72.80389,19.27375],[72.80295,19.27335],[72.80272,19.27333],[72.8025,19.27351]]]}},{"type":"Feature","properties":{"kind":"forest"},"geometry":{"type":"Polygon","coordinates":[[[72.80198,19.27152],[72.80239,19.27166],[72.80309,19.27152],[72.80274,19.27134],[72.80284,19.27062],[72.80373,19.27036],[72.80374,19.27019],[72.80361,19.2701],[72.80222,19.27047],[72.80204,19.27084],[72.80198,19.27152]]]}},{"type":"Feature","properties":{"kind":"forest"},"geometry":{"type":"Polygon","coordinates":[[[72.79546,19.2746],[72.79546,19.27481],[72.79677,19.27481],[72.79653,19.2747],[72.79658,19.2745],[72.79685,19.2746],[72.7969,19.27429],[72.79712,19.27437],[72.79722,19.27424],[72.79708,19.27411],[72.79737,19.27314],[72.79784,19.27318],[72.79784,19.27306],[72.79757,19.27295],[72.7974,19.27265],[72.79645,19.27248],[72.79637,19.27363],[72.79652,19.2738],[72.79636,19.27409],[72.79601,19.27405],[72.7959,19.27443],[72.79571,19.27459],[72.79546,19.2746]]]}},{"type":"Feature","properties":{"kind":"wetland"},"geometry":{"type":"Polygon","coordinates":[[[72.82186,19.29875],[72.8223,19.29887],[72.82242,19.29862],[72.82239,19.29818],[72.82006,19.29743],[72.82011,19.29686],[72.81956,19.29697],[72.81898,19.2975],[72.81851,19.2973],[72.8181,19.29749],[72.81807,19.29701],[72.81745,19.29676],[72.81743,19.29907],[72.81833,19.29806],[72.81959,19.29724],[72.82032,19.2977],[72.82196,19.29815],[72.82208,19.29827],[72.82186,19.29875]]]}},{"type":"Feature","properties":{"kind":"wetland"},"geometry":{"type":"Polygon","coordinates":[[[72.81866,19.29793],[72.81923,19.29747],[72.81965,19.29744],[72.82036,19.29784],[72.81984,19.29806],[72.81866,19.29793]]]}},{"type":"Feature","properties":{"kind":"wetland"},"geometry":{"type":"Polygon","coordinates":[[[72.81763,19.29934],[72.81817,19.29929],[72.81818,19.29911],[72.81874,19.29923],[72.81883,19.29912],[72.81863,19.29904],[72.81874,19.29882],[72.81829,19.29884],[72.81852,19.29871],[72.81902,19.29883],[72.81946,19.29875],[72.82012,19.29944],[72.81967,19.29867],[72.81891,19.29848],[72.81913,19.29816],[72.81892,19.29813],[72.81823,19.29853],[72.81763,19.29934]]]}},{"type":"Feature","properties":{"kind":"forest"},"geometry":{"type":"Polygon","coordinates":[[[72.80094,19.2814],[72.80094,19.28008],[72.80175,19.28008],[72.80154,19.28054],[72.80161,19.28074],[72.80175,19.28065],[72.80198,19.28088],[72.80191,19.28117],[72.80177,19.28109],[72.80176,19.28172],[72.80225,19.28294],[72.80212,19.28289],[72.80222,19.28309],[72.80213,19.28361],[72.80222,19.28342],[72.80231,19.28347],[72.80226,19.28372],[72.80217,19.28366],[72.80206,19.28388],[72.80221,19.2838],[72.80269,19.28395],[72.8023,19.28415],[72.80246,19.28428],[72.80164,19.28413],[72.80179,19.28358],[72.80162,19.28338],[72.80188,19.28326],[72.80165,19.28313],[72.80143,19.28166],[72.80094,19.2814]]]}},{"type":"Feature","properties":{"kind":"forest"},"geometry":{"type":"Polygon","coordinates":[[[72.80274,19.28176],[72.80296,19.28166],[72.80312,19.2818],[72.80307,19.28242],[72.80343,19.28337],[72.80355,19.28305],[72.80332,19.28231],[72.80353,19.28228],[72.80332,19.28196],[72.80327,19.28132],[72.80306,19.28118],[72.80304,19.28099],[72.80321,19.28043],[72.80295,19.28084],[72.80295,19.28136],[72.80265,19.28121],[72.80276,19.28141],[72.80266,19.28148],[72.80253,19.28137],[72.80248,19.28213],[72.80271,19.28235],[72.80281,19.28203],[72.80274,19.28176]]]}},{"type":"Feature","properties":{"kind":"forest"},"geometry":{"type":"Polygon","coordinates":[[[72.80344,19.28039],[72.80353,19.28024],[72.80378,19.28041],[72.80377,19.28011],[72.80395,19.28013],[72.80417,19.28059],[72.80448,19.28056],[72.80473,19.28177],[72.8049,19.28214],[72.80501,19.28188],[72.80512,19.28188],[72.8053,19.28233],[72.80518,19.28253],[72.80525,19.28269],[72.80533,19.28274],[72.80549,19.28242],[72.80582,19.28262],[72.80553,19.28266],[72.80548,19.28279],[72.80564,19.28304],[72.80508,19.28296],[72.80509,19.28279],[72.8049,19.28277],[72.80429,19.28096],[72.8037,19.28082],[72.80373,19.28063],[72.80344,19.28039]]]}},{"type":"Feature","properties":{"kind":"farmland"},"geometry":{"type":"Polygon","coordinates":[[[72.79834,19.28883],[72.79917,19.28839],[72.79942,19.28796],[72.79963,19.28819],[72.7999,19.28821],[72.80034,19.28796],[72.80039,19.28812],[72.80014,19.28845],[72.79936,19.28861],[72.79964,19.28908],[72.80035,19.28888],[72.80058,19.28914],[72.80042,19.28927],[72.80026,19.28906],[72.80008,19.28911],[72.80007,19.28939],[72.79976,19.28941],[72.79989,19.28948],[72.79979,19.28994],[72.7999,19.29036],[72.79878,19.29035],[72.79834,19.28883]]]}},{"type":"Feature","properties":{"kind":"forest"},"geometry":{"type":"Polygon","coordinates":[[[72.80015,19.2903],[72.80086,19.29033],[72.80086,19.2902],[72.80064,19.29015],[72.80055,19.28999],[72.80079,19.28987],[72.80075,19.28957],[72.80026,19.28963],[72.79996,19.28985],[72.80015,19.2903]]]}},{"type":"Feature","properties":{"kind":"forest"},"geometry":{"type":"Polygon","coordinates":[[[72.79962,19.28901],[72.79978,19.28896],[72.79987,19.28871],[72.8001,19.28885],[72.80066,19.28865],[72.80056,19.28838],[72.80024,19.28843],[72.80024,19.28867],[72.79973,19.28856],[72.79956,19.28888],[72.79962,19.28901]]]}},{"type":"Feature","properties":{"kind":"wetland"},"geometry":{"type":"Polygon","coordinates":[[[72.8109,19.27877],[72.81106,19.27841],[72.81303,19.27815],[72.81303,19.27823],[72.81228,19.2784],[72.81241,19.27864],[72.81205,19.27899],[72.81274,19.27948],[72.81308,19.2792],[72.81344,19.27912],[72.81329,19.27963],[72.81355,19.27985],[72.81415,19.2799],[72.81418,19.27999],[72.81277,19.27998],[72.8109,19.27877]]]}},{"type":"Feature","properties":{"kind":"forest"},"geometry":{"type":"Polygon","coordinates":[[[72.79543,19.26254],[72.7955,19.26199],[72.79659,19.26202],[72.79796,19.26069],[72.79808,19.26039],[72.79889,19.25968],[72.79896,19.26009],[72.79808,19.2612],[72.79692,19.26205],[72.79676,19.26252],[72.797,19.26271],[72.79668,19.26309],[72.79664,19.26385],[72.79626,19.26433],[72.79595,19.26408],[72.79554,19.26431],[72.79559,19.26387],[72.79622,19.26324],[72.79617,19.26246],[72.79577,19.26231],[72.79543,19.26254]]]}},{"type":"Feature","properties":{"kind":"forest"},"geometry":{"type":"Polygon","coordinates":[[[72.79715,19.26417],[72.79758,19.26426],[72.79772,19.2636],[72.79738,19.26356],[72.79728,19.26344],[72.79737,19.26318],[72.79761,19.26315],[72.79766,19.26292],[72.79729,19.26307],[72.79715,19.26417]]]}},{"type":"Feature","properties":{"kind":"farmland"},"geometry":{"type":"Polygon","coordinates":[[[72.80366,19.26286],[72.80549,19.26398],[72.80535,19.26445],[72.80636,19.26446],[72.80628,19.26402],[72.80654,19.26388],[72.80658,19.26365],[72.80649,19.2624],[72.80535,19.26242],[72.80353,19.26188],[72.8039,19.26283],[72.80366,19.26286]]]}},{"type":"Feature","properties":{"kind":"farmland"},"geometry":{"type":"Polygon","coordinates":[[[72.80394,19.26692],[72.80424,19.26701],[72.80425,19.26718],[72.80477,19.26727],[72.80465,19.26674],[72.80441,19.26657],[72.80384,19.26654],[72.80381,19.26679],[72.80394,19.26692]]]}},{"type":"Feature","properties":{"kind":"farmland"},"geometry":{"type":"Polygon","coordinates":[[[72.80407,19.26492],[72.80401,19.2651],[72.80413,19.26527],[72.80454,19.2652],[72.80469,19.26536],[72.80476,19.26575],[72.80492,19.26571],[72.80543,19.26593],[72.80548,19.26621],[72.80601,19.26612],[72.80629,19.26479],[72.80615,19.26469],[72.80618,19.26451],[72.80467,19.2645],[72.80455,19.26494],[72.80407,19.26492]]]}},{"type":"Feature","properties":{"kind":"farmland"},"geometry":{"type":"Polygon","coordinates":[[[72.80519,19.26685],[72.8059,19.267],[72.80603,19.26658],[72.80591,19.26625],[72.80564,19.26622],[72.80525,19.26656],[72.80534,19.26671],[72.80519,19.26685]]]}},{"type":"Feature","properties":{"kind":"farmland"},"geometry":{"type":"Polygon","coordinates":[[[72.80823,19.27187],[72.80836,19.27192],[72.80843,19.27182],[72.80849,19.27192],[72.80838,19.27248],[72.80904,19.2725],[72.80917,19.27181],[72.80933,19.27158],[72.80951,19.27156],[72.8092,19.27112],[72.80895,19.27139],[72.80879,19.27132],[72.80885,19.27095],[72.80843,19.27066],[72.80834,19.2715],[72.80815,19.27172],[72.80828,19.27174],[72.80823,19.27187]]]}},{"type":"Feature","properties":{"kind":"farmland"},"geometry":{"type":"Polygon","coordinates":[[[72.79878,19.26705],[72.79951,19.26872],[72.79996,19.26865],[72.79931,19.26742],[72.79923,19.26691],[72.79878,19.26705]]]}},{"type":"Feature","properties":{"kind":"forest"},"geometry":{"type":"Polygon","coordinates":[[[72.79806,19.26727],[72.79852,19.26779],[72.79894,19.26867],[72.79912,19.26858],[72.79938,19.26865],[72.79887,19.26772],[72.7987,19.26709],[72.79806,19.26727]]]}},{"type":"Feature","properties":{"kind":"farmland"},"geometry":{"type":"Polygon","coordinates":[[[72.79973,19.26799],[72.79994,19.26828],[72.79988,19.26792],[72.80079,19.26766],[72.80076,19.26694],[72.79936,19.26717],[72.79973,19.26799]]]}},{"type":"Feature","properties":{"kind":"forest"},"geometry":{"type":"Polygon","coordinates":[[[72.79753,19.26947],[72.79709,19.26692],[72.79714,19.26568],[72.79691,19.26551],[72.79717,19.26537],[72.79735,19.26561],[72.79733,19.26677],[72.79809,19.26752],[72.79845,19.26807],[72.79805,19.26814],[72.79798,19.26843],[72.79817,19.26962],[72.79751,19.26962],[72.79753,19.26947]]]}},{"type":"Feature","properties":{"kind":"wetland"},"geometry":{"type":"Polygon","coordinates":[[[72.85201,19.27109],[72.85257,19.27144],[72.85338,19.27255],[72.85434,19.27338],[72.85505,19.27374],[72.85512,19.27365],[72.85406,19.27278],[72.85348,19.2718],[72.85311,19.27067],[72.85278,19.2703],[72.85246,19.27033],[72.85174,19.27086],[72.85037,19.27101],[72.85038,19.27113],[72.85083,19.27103],[72.85201,19.27109]]]}},{"type":"Feature","properties":{"kind":"scrub"},"geometry":{"type":"Polygon","coordinates":[[[72.85074,19.261],[72.85105,19.26204],[72.85157,19.26212],[72.85163,19.26092],[72.8512,19.26081],[72.85074,19.261]]]}},{"type":"Feature","properties":{"kind":"scrub"},"geometry":{"type":"Polygon","coordinates":[[[72.85357,19.26123],[72.8538,19.26087],[72.85428,19.2609],[72.8542,19.26133],[72.85378,19.26143],[72.85357,19.26123]]]}},{"type":"Feature","properties":{"kind":"forest"},"geometry":{"type":"Polygon","coordinates":[[[72.8563,19.26443],[72.85766,19.26441],[72.85807,19.26068],[72.85721,19.26091],[72.85692,19.26075],[72.85649,19.26122],[72.8565,19.26161],[72.85691,19.26176],[72.85725,19.26254],[72.85712,19.26316],[72.85691,19.2635],[72.85638,19.26386],[72.85588,19.26446],[72.8563,19.26443]]]}},{"type":"Feature","properties":{"kind":"farmland"},"geometry":{"type":"Polygon","coordinates":[[[72.85757,19.26031],[72.85798,19.26035],[72.85802,19.25933],[72.85766,19.25932],[72.85757,19.26031]]]}},{"type":"Feature","properties":{"kind":"scrub"},"geometry":{"type":"Polygon","coordinates":[[[72.85832,19.26234],[72.85842,19.26074],[72.85864,19.26128],[72.8587,19.26195],[72.85832,19.26234]]]}},{"type":"Feature","properties":{"kind":"forest"},"geometry":{"type":"Polygon","coordinates":[[[72.85899,19.26263],[72.8591,19.2632],[72.85925,19.26338],[72.85986,19.26357],[72.85976,19.26285],[72.85961,19.26258],[72.85894,19.26226],[72.85899,19.26263]]]}},{"type":"Feature","properties":{"kind":"wetland"},"geometry":{"type":"Polygon","coordinates":[[[72.81677,19.29016],[72.81674,19.28993],[72.81552,19.28975],[72.81534,19.28953],[72.8154,19.28922],[72.81467,19.28889],[72.81457,19.28854],[72.81451,19.28872],[72.8138,19.28866],[72.81436,19.28885],[72.81446,19.28935],[72.8152,19.2896],[72.81549,19.28995],[72.81677,19.29016]]]}},{"type":"Feature","properties":{"kind":"wetland"},"geometry":{"type":"Polygon","coordinates":[[[72.81565,19.28921],[72.8156,19.28906],[72.81628,19.28914],[72.81732,19.28904],[72.81733,19.28935],[72.81719,19.28937],[72.81721,19.28972],[72.8171,19.28973],[72.81707,19.2894],[72.81632,19.28954],[72.81565,19.28921]]]}},{"type":"Feature","properties":{"kind":"forest"},"geometry":{"type":"Polygon","coordinates":[[[72.88339,19.26946],[72.88339,19.26829],[72.88382,19.26759],[72.88396,19.26768],[72.88403,19.26757],[72.88411,19.26737],[72.88403,19.26696],[72.88417,19.26679],[72.88617,19.26809],[72.88611,19.2682],[72.88582,19.26808],[72.88518,19.26901],[72.88483,19.26859],[72.8845,19.2686],[72.88369,19.26891],[72.88339,19.26946]]]}},{"type":"Feature","properties":{"kind":"scrub"},"geometry":{"type":"Polygon","coordinates":[[[72.88519,19.26938],[72.88533,19.26915],[72.88549,19.26924],[72.88543,19.26907],[72.88565,19.26906],[72.88604,19.26847],[72.88599,19.26884],[72.88613,19.26915],[72.88567,19.26959],[72.88519,19.26938]]]}},{"type":"Feature","properties":{"kind":"scrub"},"geometry":{"type":"Polygon","coordinates":[[[72.86923,19.27302],[72.86955,19.2726],[72.86987,19.27134],[72.87004,19.27125],[72.87034,19.27161],[72.87012,19.27176],[72.87037,19.27263],[72.8703,19.27312],[72.86923,19.27302]]]}},{"type":"Feature","properties":{"kind":"forest"},"geometry":{"type":"Polygon","coordinates":[[[72.89143,19.27487],[72.89152,19.27541],[72.89249,19.27532],[72.89248,19.27516],[72.89191,19.27514],[72.8919,19.27488],[72.89143,19.27487]]]}},{"type":"Feature","properties":{"kind":"wetland"},"geometry":{"type":"Polygon","coordinates":[[[72.84491,19.25925],[72.84992,19.25927],[72.8497,19.2574],[72.84933,19.25694],[72.84837,19.25723],[72.84815,19.25673],[72.84755,19.25651],[72.84643,19.25644],[72.84642,19.25596],[72.84613,19.25609],[72.84571,19.25659],[72.84489,19.25665],[72.84491,19.25925]]]}},{"type":"Feature","properties":{"kind":"forest"},"geometry":{"type":"Polygon","coordinates":[[[72.84725,19.25009],[72.84736,19.24899],[72.84754,19.24903],[72.84804,19.24946],[72.84758,19.24982],[72.84758,19.25008],[72.84725,19.25009]]]}},{"type":"Feature","properties":{"kind":"forest"},"geometry":{"type":"Polygon","coordinates":[[[72.87687,19.25992],[72.87717,19.26027],[72.8766,19.26066],[72.87672,19.26079],[72.87798,19.26013],[72.87732,19.25929],[72.87672,19.2599],[72.87687,19.25992]]]}},{"type":"Feature","properties":{"kind":"forest"},"geometry":{"type":"Polygon","coordinates":[[[72.87972,19.26768],[72.87982,19.26791],[72.87973,19.26824],[72.8798,19.26829],[72.8799,19.26808],[72.88019,19.26808],[72.88018,19.26834],[72.88052,19.26832],[72.87999,19.2676],[72.87972,19.26768]]]}},{"type":"Feature","properties":{"kind":"farmland"},"geometry":{"type":"Polygon","coordinates":[[[72.85049,19.28142],[72.85093,19.28129],[72.85105,19.28091],[72.8531,19.28202],[72.85403,19.28128],[72.85416,19.2801],[72.85564,19.28013],[72.85519,19.28516],[72.85042,19.28515],[72.85049,19.28142]]]}},{"type":"Feature","properties":{"kind":"wetland"},"geometry":{"type":"Polygon","coordinates":[[[72.8555,19.28039],[72.85566,19.28025],[72.85576,19.28066],[72.85565,19.28187],[72.85554,19.28183],[72.8555,19.28039]]]}},{"type":"Feature","properties":{"kind":"scrub"},"geometry":{"type":"Polygon","coordinates":[[[72.85104,19.28919],[72.85115,19.29012],[72.85099,19.29037],[72.85187,19.29035],[72.85192,19.29015],[72.85171,19.28963],[72.85135,19.28953],[72.8513,19.28918],[72.85104,19.28919]]]}},{"type":"Feature","properties":{"kind":"forest"},"geometry":{"type":"Polygon","coordinates":[[[72.85053,19.28902],[72.8506,19.28923],[72.85089,19.28926],[72.85143,19.28859],[72.851,19.28829],[72.85081,19.2888],[72.85053,19.28902]]]}},{"type":"Feature","properties":{"kind":"farmland"},"geometry":{"type":"Polygon","coordinates":[[[72.89524,19.27168],[72.89622,19.27163],[72.89617,19.27135],[72.89525,19.27144],[72.89514,19.27135],[72.89513,19.27165],[72.89524,19.27168]]]}},{"type":"Feature","properties":{"kind":"farmland"},"geometry":{"type":"Polygon","coordinates":[[[72.89339,19.27238],[72.89425,19.27273],[72.89423,19.27201],[72.89377,19.2722],[72.89337,19.27221],[72.89339,19.27238]]]}},{"type":"Feature","properties":{"kind":"scrub"},"geometry":{"type":"Polygon","coordinates":[[[72.88254,19.26818],[72.8826,19.26836],[72.88321,19.26848],[72.88326,19.26713],[72.88291,19.26707],[72.8828,19.26718],[72.88291,19.26781],[72.8827,19.26777],[72.88254,19.26818]]]}},{"type":"Feature","properties":{"kind":"scrub"},"geometry":{"type":"Polygon","coordinates":[[[72.88131,19.26557],[72.88136,19.26459],[72.88203,19.26453],[72.88324,19.2661],[72.88317,19.26647],[72.88289,19.26624],[72.88257,19.26621],[72.88236,19.26635],[72.88213,19.26686],[72.88131,19.26557]]]}},{"type":"Feature","properties":{"kind":"scrub"},"geometry":{"type":"Polygon","coordinates":[[[72.87698,19.2661],[72.8772,19.26625],[72.87736,19.2661],[72.87747,19.2662],[72.87777,19.26611],[72.87775,19.26563],[72.87757,19.26566],[72.87754,19.26548],[72.87698,19.2661]]]}},{"type":"Feature","properties":{"kind":"forest"},"geometry":{"type":"Polygon","coordinates":[[[72.87237,19.26717],[72.87236,19.2662],[72.87259,19.26623],[72.87289,19.26696],[72.87237,19.26717]]]}},{"type":"Feature","properties":{"kind":"forest"},"geometry":{"type":"Polygon","coordinates":[[[72.8729,19.26624],[72.87305,19.26653],[72.87347,19.26638],[72.87362,19.26659],[72.87391,19.26647],[72.87385,19.26601],[72.87358,19.26598],[72.87357,19.26623],[72.87316,19.26623],[72.87314,19.26606],[72.8729,19.26624]]]}},{"type":"Feature","properties":{"kind":"farmland"},"geometry":{"type":"Polygon","coordinates":[[[72.89387,19.27006],[72.89433,19.2697],[72.89509,19.26983],[72.89506,19.27028],[72.89461,19.27026],[72.89457,19.27046],[72.89404,19.27047],[72.89377,19.27023],[72.89387,19.27006]]]}},{"type":"Feature","properties":{"kind":"scrub"},"geometry":{"type":"Polygon","coordinates":[[[72.89313,19.27658],[72.89423,19.27646],[72.89418,19.27829],[72.8938,19.27895],[72.89337,19.27903],[72.89353,19.2784],[72.89313,19.27658]]]}},{"type":"Feature","properties":{"kind":"forest"},"geometry":{"type":"Polygon","coordinates":[[[72.8895,19.27632],[72.88994,19.2767],[72.89026,19.2764],[72.89124,19.27595],[72.89109,19.27535],[72.89088,19.27511],[72.89012,19.27512],[72.8895,19.27632]]]}},{"type":"Feature","properties":{"kind":"farmland"},"geometry":{"type":"Polygon","coordinates":[[[72.89235,19.2733],[72.89263,19.27318],[72.89272,19.27271],[72.8926,19.27259],[72.89306,19.27268],[72.89305,19.27245],[72.89277,19.27245],[72.89281,19.27232],[72.89269,19.27224],[72.89239,19.27228],[72.89251,19.2729],[72.89229,19.27292],[72.89235,19.2733]]]}},{"type":"Feature","properties":{"kind":"forest"},"geometry":{"type":"Polygon","coordinates":[[[72.88932,19.27481],[72.88975,19.27476],[72.88977,19.27384],[72.88957,19.27381],[72.88931,19.27405],[72.88947,19.27462],[72.88932,19.27481]]]}},{"type":"Feature","properties":{"kind":"forest"},"geometry":{"type":"Polygon","coordinates":[[[72.892,19.27102],[72.89244,19.27045],[72.89249,19.27015],[72.89273,19.26997],[72.89259,19.26991],[72.89226,19.27025],[72.89199,19.27012],[72.89206,19.27043],[72.89221,19.27052],[72.89191,19.27079],[72.892,19.27102]]]}},{"type":"Feature","properties":{"kind":"scrub"},"geometry":{"type":"Polygon","coordinates":[[[72.87705,19.27833],[72.87702,19.27803],[72.87776,19.27789],[72.87794,19.2783],[72.87705,19.27833]]]}},{"type":"Feature","properties":{"kind":"wetland"},"geometry":{"type":"Polygon","coordinates":[[[72.873,19.27031],[72.8732,19.27058],[72.87455,19.27059],[72.8745,19.27007],[72.87423,19.26993],[72.87407,19.27028],[72.87371,19.27025],[72.87352,19.27003],[72.8732,19.27],[72.87304,19.27002],[72.873,19.27031]]]}},{"type":"Feature","properties":{"kind":"wetland"},"geometry":{"type":"Polygon","coordinates":[[[72.90996,19.28749],[72.91124,19.28759],[72.91248,19.28801],[72.91625,19.28796],[72.91626,19.28004],[72.91099,19.28004],[72.90942,19.2821],[72.90931,19.28262],[72.90926,19.28361],[72.90957,19.28468],[72.90948,19.28654],[72.90983,19.28744],[72.90996,19.28749]]]}},{"type":"Feature","properties":{"kind":"wetland"},"geometry":{"type":"Polygon","coordinates":[[[72.9093,19.28733],[72.9094,19.28713],[72.90921,19.28617],[72.90935,19.2848],[72.90901,19.28357],[72.90907,19.28225],[72.90981,19.2811],[72.9102,19.28083],[72.91064,19.28005],[72.91035,19.28005],[72.90919,19.28093],[72.90616,19.2835],[72.9048,19.28523],[72.90514,19.28594],[72.90649,19.28635],[72.90664,19.28673],[72.90638,19.28691],[72.90634,19.28708],[72.9093,19.28733]]]}},{"type":"Feature","properties":{"kind":"farmland"},"geometry":{"type":"Polygon","coordinates":[[[72.85048,19.2876],[72.85091,19.28777],[72.85141,19.28774],[72.85248,19.28728],[72.85342,19.28721],[72.85466,19.28769],[72.85509,19.2853],[72.85043,19.28529],[72.85048,19.2876]]]}},{"type":"Feature","properties":{"kind":"scrub"},"geometry":{"type":"Polygon","coordinates":[[[72.85191,19.29035],[72.85234,19.29032],[72.85213,19.28967],[72.85212,19.28884],[72.85287,19.2889],[72.85299,19.28811],[72.85176,19.28813],[72.85166,19.28792],[72.85104,19.28815],[72.85102,19.28826],[72.85155,19.2887],[72.85144,19.28879],[72.85152,19.28909],[72.85134,19.28921],[72.85139,19.28951],[72.85173,19.28961],[72.85191,19.29035]]]}},{"type":"Feature","properties":{"kind":"scrub"},"geometry":{"type":"Polygon","coordinates":[[[72.85405,19.28871],[72.85389,19.28847],[72.85403,19.28805],[72.85378,19.28795],[72.85388,19.28757],[72.85476,19.28795],[72.85453,19.2884],[72.85432,19.28837],[72.85426,19.28865],[72.85444,19.28872],[72.85443,19.28884],[72.85405,19.28871]]]}},{"type":"Feature","properties":{"kind":"forest"},"geometry":{"type":"Polygon","coordinates":[[[72.85584,19.26965],[72.85584,19.26448],[72.85765,19.26451],[72.85709,19.26966],[72.85584,19.26965]]]}},{"type":"Feature","properties":{"kind":"forest"},"geometry":{"type":"Polygon","coordinates":[[[72.85732,19.26966],[72.85791,19.26448],[72.85838,19.26449],[72.85826,19.26533],[72.85834,19.26559],[72.85912,19.26517],[72.85956,19.26507],[72.85938,19.26564],[72.85993,19.26504],[72.85997,19.26449],[72.8613,19.2645],[72.8613,19.26963],[72.86121,19.26964],[72.86103,19.26912],[72.86069,19.26882],[72.85958,19.26947],[72.85971,19.26964],[72.85732,19.26966]]]}},{"type":"Feature","properties":{"kind":"forest"},"geometry":{"type":"Polygon","coordinates":[[[72.83936,19.24892],[72.83936,19.24762],[72.84015,19.24818],[72.84073,19.24819],[72.8412,19.24765],[72.84181,19.24764],[72.8423,19.24731],[72.84261,19.24662],[72.84261,19.24645],[72.84238,19.24639],[72.8422,19.2461],[72.84222,19.24594],[72.84143,19.24611],[72.84137,19.24571],[72.84066,19.24519],[72.84068,19.2448],[72.84123,19.24435],[72.84152,19.24447],[72.84151,19.24471],[72.84183,19.24492],[72.84254,19.24511],[72.84282,19.24412],[72.84305,19.24415],[72.84317,19.24443],[72.84385,19.24427],[72.844,19.24437],[72.84368,19.24497],[72.8438,19.24561],[72.84365,19.24576],[72.84353,19.24676],[72.84399,19.24691],[72.8441,19.24707],[72.84461,19.24707],[72.84457,19.24775],[72.84467,19.24798],[72.84453,19.24798],[72.84451,19.24787],[72.8444,19.24808],[72.84335,19.24837],[72.84318,19.24892],[72.83936,19.24892]]]}},{"type":"Feature","properties":{"kind":"wetland"},"geometry":{"type":"Polygon","coordinates":[[[72.83152,19.29964],[72.83154,19.29996],[72.8318,19.30006],[72.83182,19.30032],[72.83267,19.30027],[72.83266,19.30016],[72.8324,19.30017],[72.83247,19.29959],[72.83152,19.29964]]]}},{"type":"Feature","properties":{"kind":"wetland"},"geometry":{"type":"Polygon","coordinates":[[[72.83323,19.30036],[72.83245,19.30014],[72.83244,19.29994],[72.83256,19.29993],[72.83251,19.29961],[72.83335,19.29941],[72.83341,19.29993],[72.83333,19.30038],[72.83323,19.30036]]]}},{"type":"Feature","properties":{"kind":"wetland"},"geometry":{"type":"Polygon","coordinates":[[[72.8356,19.29709],[72.83557,19.29684],[72.83586,19.2968],[72.83583,19.2966],[72.836,19.29677],[72.83638,19.29663],[72.83673,19.29735],[72.83605,19.2973],[72.83598,19.29718],[72.8356,19.29709]]]}},{"type":"Feature","properties":{"kind":"wetland"},"geometry":{"type":"Polygon","coordinates":[[[72.8346,19.29597],[72.83327,19.29605],[72.83315,19.29587],[72.83327,19.29465],[72.8339,19.2945],[72.8337,19.29315],[72.83381,19.29309],[72.8347,19.29308],[72.8346,19.29597]]]}},{"type":"Feature","properties":{"kind":"wetland"},"geometry":{"type":"Polygon","coordinates":[[[72.8352,19.29858],[72.83478,19.29868],[72.8347,19.29852],[72.83417,19.29855],[72.83405,19.29783],[72.83419,19.29636],[72.83458,19.29642],[72.83494,19.29669],[72.83533,19.29771],[72.83537,19.29836],[72.8352,19.29858]]]}},{"type":"Feature","properties":{"kind":"wetland"},"geometry":{"type":"Polygon","coordinates":[[[72.83485,19.28527],[72.83492,19.28428],[72.83625,19.28416],[72.83645,19.28284],[72.83725,19.28279],[72.83746,19.2836],[72.83869,19.28316],[72.83905,19.28459],[72.8401,19.28585],[72.84009,19.28601],[72.83797,19.28605],[72.8379,19.28583],[72.83682,19.28607],[72.83661,19.28541],[72.83485,19.28527]]]}},{"type":"Feature","properties":{"kind":"wetland"},"geometry":{"type":"Polygon","coordinates":[[[72.83811,19.28629],[72.83819,19.28738],[72.83845,19.28739],[72.83844,19.28847],[72.8399,19.28833],[72.84025,19.28657],[72.84017,19.28619],[72.83811,19.28629]]]}},{"type":"Feature","properties":{"kind":"wetland"},"geometry":{"type":"Polygon","coordinates":[[[72.83588,19.2958],[72.83544,19.29575],[72.83514,19.29533],[72.8349,19.29529],[72.83478,19.29395],[72.83495,19.29344],[72.83475,19.29343],[72.83479,19.29294],[72.83361,19.29293],[72.83354,19.29219],[72.83274,19.29132],[72.83294,19.29047],[72.83358,19.28961],[72.83316,19.28814],[72.83636,19.28893],[72.83687,19.28924],[72.83692,19.28943],[72.83727,19.28953],[72.83836,19.28938],[72.83822,19.28851],[72.83876,19.28853],[72.8389,19.28913],[72.83982,19.28877],[72.83999,19.28838],[72.84045,19.28629],[72.83913,19.28449],[72.83871,19.28302],[72.83755,19.28348],[72.83733,19.28263],[72.8364,19.28269],[72.83634,19.28228],[72.83508,19.28152],[72.83525,19.27964],[72.83622,19.27992],[72.83638,19.27987],[72.83714,19.27701],[72.83728,19.27615],[72.83699,19.27609],[72.83721,19.27548],[72.83776,19.27571],[72.83799,19.27565],[72.8383,19.27539],[72.83805,19.275],[72.83895,19.27484],[72.83914,19.27543],[72.83813,19.27754],[72.83746,19.27859],[72.83727,19.27926],[72.83741,19.27982],[72.83774,19.28039],[72.83835,19.28026],[72.83824,19.2798],[72.83913,19.27965],[72.83941,19.27977],[72.83919,19.27998],[72.83936,19.28075],[72.83811,19.28096],[72.83877,19.282],[72.83956,19.28376],[72.84096,19.28606],[72.84137,19.28615],[72.84178,19.28931],[72.84209,19.28969],[72.84099,19.29021],[72.84109,19.29214],[72.84034,19.29231],[72.83986,19.2926],[72.83937,19.2933],[72.83941,19.29349],[72.83744,19.29366],[72.8374,19.29277],[72.83618,19.29285],[72.83557,19.29413],[72.83588,19.2958]]]}},{"type":"Feature","properties":{"kind":"wetland"},"geometry":{"type":"Polygon","coordinates":[[[72.8371,19.28779],[72.83737,19.2894],[72.83832,19.28933],[72.83805,19.28767],[72.8371,19.28779]]]}},{"type":"Feature","properties":{"kind":"forest"},"geometry":{"type":"Polygon","coordinates":[[[72.91334,19.11034],[72.91404,19.11031],[72.91298,19.10891],[72.91239,19.10894],[72.91199,19.10832],[72.91162,19.10813],[72.91133,19.10829],[72.91082,19.10758],[72.9103,19.10769],[72.90978,19.10647],[72.90982,19.10662],[72.9097,19.10668],[72.9096,19.1061],[72.90922,19.10587],[72.90867,19.10493],[72.90848,19.10354],[72.90802,19.10324],[72.90789,19.10332],[72.9078,19.1036],[72.90807,19.10449],[72.90821,19.1058],[72.90924,19.10809],[72.91007,19.10884],[72.91109,19.10923],[72.91215,19.10985],[72.91288,19.10994],[72.91312,19.11032],[72.91334,19.11034]]]}},{"type":"Feature","properties":{"kind":"forest"},"geometry":{"type":"Polygon","coordinates":[[[72.88862,19.13334],[72.88845,19.13307],[72.88812,19.13173],[72.88826,19.13153],[72.8889,19.132],[72.88959,19.1328],[72.89029,19.13324],[72.89047,19.13356],[72.89007,19.13383],[72.88997,19.13413],[72.88937,19.13444],[72.88927,19.134],[72.88954,19.13387],[72.88951,19.13372],[72.88907,19.13377],[72.88862,19.13334]]]}},{"type":"Feature","properties":{"kind":"forest"},"geometry":{"type":"Polygon","coordinates":[[[72.89978,19.13649],[72.89946,19.13666],[72.89924,19.13706],[72.89907,19.13714],[72.89905,19.13765],[72.89883,19.13815],[72.8993,19.13788],[72.89936,19.13767],[72.89959,19.13773],[72.90063,19.13871],[72.9009,19.13884],[72.9012,19.13874],[72.9012,19.13855],[72.90003,19.13732],[72.89998,19.13678],[72.89978,19.13649]]]}},{"type":"Feature","properties":{"kind":"forest"},"geometry":{"type":"Polygon","coordinates":[[[72.90325,19.13931],[72.90383,19.13921],[72.90447,19.14],[72.90472,19.14048],[72.90462,19.14156],[72.90471,19.14178],[72.90414,19.14214],[72.90323,19.14128],[72.9026,19.14116],[72.90248,19.14137],[72.90253,19.14226],[72.90243,19.14249],[72.90224,19.14244],[72.90212,19.14207],[72.90214,19.14036],[72.9019,19.14024],[72.90122,19.14029],[72.90045,19.13925],[72.90093,19.13951],[72.90123,19.13997],[72.9015,19.14015],[72.9018,19.13996],[72.9016,19.1395],[72.90161,19.13918],[72.9026,19.14012],[72.90281,19.14003],[72.90325,19.13931]]]}},{"type":"Feature","properties":{"kind":"forest"},"geometry":{"type":"Polygon","coordinates":[[[72.90558,19.1378],[72.90597,19.13851],[72.90626,19.13963],[72.90664,19.1402],[72.9068,19.14029],[72.90698,19.14021],[72.90746,19.13935],[72.90746,19.13904],[72.90793,19.13894],[72.90798,19.13881],[72.90784,19.13867],[72.90735,19.13859],[72.90712,19.13837],[72.90709,19.13786],[72.90749,19.13734],[72.90749,19.13717],[72.9062,19.13681],[72.90599,19.13693],[72.90558,19.1378]]]}},{"type":"Feature","properties":{"kind":"scrub"},"geometry":{"type":"Polygon","coordinates":[[[72.92078,19.14869],[72.92088,19.14774],[72.92078,19.14759],[72.91908,19.14661],[72.91783,19.14562],[72.91836,19.14744],[72.92078,19.14869]]]}},{"type":"Feature","properties":{"kind":"scrub"},"geometry":{"type":"Polygon","coordinates":[[[72.91985,19.14839],[72.92033,19.1495],[72.92082,19.14946],[72.92074,19.14884],[72.91985,19.14839]]]}},{"type":"Feature","properties":{"kind":"scrub"},"geometry":{"type":"Polygon","coordinates":[[[72.91827,19.14759],[72.91858,19.14843],[72.91931,19.14814],[72.91827,19.14759]]]}},{"type":"Feature","properties":{"kind":"forest"},"geometry":{"type":"Polygon","coordinates":[[[72.89173,19.09148],[72.89169,19.0917],[72.89182,19.09189],[72.89224,19.09206],[72.89273,19.09111],[72.89292,19.0903],[72.89281,19.09019],[72.89256,19.09053],[72.89231,19.09057],[72.89225,19.0901],[72.89284,19.09006],[72.89329,19.08965],[72.8931,19.08936],[72.89273,19.08919],[72.89239,19.08964],[72.89169,19.08957],[72.89164,19.08909],[72.89177,19.08887],[72.89162,19.08881],[72.89121,19.08983],[72.89129,19.09007],[72.89194,19.0902],[72.89183,19.09045],[72.89193,19.09113],[72.89173,19.09148]]]}},{"type":"Feature","properties":{"kind":"forest"},"geometry":{"type":"Polygon","coordinates":[[[72.88484,19.13277],[72.88655,19.13241],[72.88666,19.13156],[72.88658,19.13142],[72.88611,19.13118],[72.88482,19.13126],[72.8847,19.13221],[72.88484,19.13277]]]}},{"type":"Feature","properties":{"kind":"wetland"},"geometry":{"type":"Polygon","coordinates":[[[72.8885,19.14408],[72.88855,19.14391],[72.88898,19.1438],[72.88943,19.14436],[72.88974,19.14435],[72.8899,19.14471],[72.88986,19.14535],[72.889,19.14583],[72.889,19.14616],[72.88883,19.14626],[72.88804,19.14465],[72.8885,19.14408]]]}},{"type":"Feature","properties":{"kind":"farmland"},"geometry":{"type":"Polygon","coordinates":[[[72.88876,19.1428],[72.88938,19.1432],[72.8895,19.143],[72.88951,19.14244],[72.88906,19.14152],[72.88827,19.14163],[72.88837,19.14197],[72.88861,19.1422],[72.88876,19.1428]]]}},{"type":"Feature","properties":{"kind":"farmland"},"geometry":{"type":"Polygon","coordinates":[[[72.88398,19.13764],[72.88442,19.13748],[72.88447,19.1372],[72.88419,19.13635],[72.8835,19.13682],[72.88398,19.13764]]]}},{"type":"Feature","properties":{"kind":"farmland"},"geometry":{"type":"Polygon","coordinates":[[[72.88546,19.13843],[72.88485,19.13697],[72.88455,19.13707],[72.88455,19.13753],[72.88493,19.1384],[72.88518,19.13856],[72.88546,19.13843]]]}},{"type":"Feature","properties":{"kind":"farmland"},"geometry":{"type":"Polygon","coordinates":[[[72.88586,19.14087],[72.88631,19.14077],[72.88547,19.13964],[72.8851,19.13974],[72.88527,19.14028],[72.88565,19.14018],[72.88586,19.14087]]]}},{"type":"Feature","properties":{"kind":"farmland"},"geometry":{"type":"Polygon","coordinates":[[[72.88683,19.13993],[72.88665,19.13966],[72.88576,19.13993],[72.88638,19.14074],[72.88646,19.14068],[72.88637,19.14022],[72.88683,19.13993]]]}},{"type":"Feature","properties":{"kind":"farmland"},"geometry":{"type":"Polygon","coordinates":[[[72.88751,19.14085],[72.88764,19.14096],[72.88787,19.14084],[72.8877,19.13994],[72.88738,19.13957],[72.88696,19.13952],[72.88673,19.13966],[72.88751,19.14085]]]}},{"type":"Feature","properties":{"kind":"wetland"},"geometry":{"type":"Polygon","coordinates":[[[72.8859,19.14196],[72.88671,19.14299],[72.8868,19.14295],[72.88678,19.14181],[72.88748,19.14103],[72.88751,19.14085],[72.88688,19.1399],[72.88652,19.14015],[72.88643,19.14077],[72.88669,19.1412],[72.88614,19.14124],[72.8859,19.14196]]]}},{"type":"Feature","properties":{"kind":"farmland"},"geometry":{"type":"Polygon","coordinates":[[[72.79522,19.282],[72.79584,19.28189],[72.79601,19.28169],[72.79544,19.28135],[72.79528,19.28143],[72.79522,19.282]]]}},{"type":"Feature","properties":{"kind":"scrub"},"geometry":{"type":"Polygon","coordinates":[[[72.79519,19.28297],[72.79545,19.28294],[72.79557,19.28269],[72.79606,19.28267],[72.79604,19.28245],[72.79532,19.28231],[72.79519,19.28297]]]}},{"type":"Feature","properties":{"kind":"forest"},"geometry":{"type":"Polygon","coordinates":[[[72.80373,19.17572],[72.80389,19.17651],[72.80375,19.1768],[72.80329,19.1771],[72.80312,19.1781],[72.80317,19.17888],[72.80359,19.17925],[72.80381,19.17989],[72.80434,19.17985],[72.8046,19.18003],[72.80483,19.17998],[72.80503,19.17991],[72.80506,19.17905],[72.80595,19.17811],[72.80605,19.17778],[72.80588,19.17643],[72.80551,19.17575],[72.80373,19.17572]]]}},{"type":"Feature","properties":{"kind":"scrub"},"geometry":{"type":"Polygon","coordinates":[[[72.91698,19.20521],[72.91621,19.20473],[72.91573,19.20348],[72.91591,19.20314],[72.91646,19.20327],[72.91706,19.20372],[72.9175,19.2041],[72.91747,19.20454],[72.91775,19.20464],[72.91821,19.20385],[72.918,19.20322],[72.91833,19.20259],[72.91864,19.20259],[72.9189,19.20289],[72.91893,19.20362],[72.91873,19.20396],[72.91878,19.20444],[72.91822,19.20519],[72.91698,19.20521]]]}},{"type":"Feature","properties":{"kind":"scrub"},"geometry":{"type":"Polygon","coordinates":[[[72.9175,19.20947],[72.91715,19.21123],[72.9168,19.21114],[72.91629,19.21075],[72.91574,19.21057],[72.91512,19.21054],[72.91463,19.21017],[72.91489,19.20948],[72.91569,19.20878],[72.91624,19.2081],[72.91668,19.20727],[72.91697,19.20633],[72.91726,19.20613],[72.91753,19.20629],[72.91749,19.2071],[72.91709,19.20813],[72.9175,19.20947]]]}},{"type":"Feature","properties":{"kind":"scrub"},"geometry":{"type":"Polygon","coordinates":[[[72.9177,19.21139],[72.91765,19.21185],[72.91871,19.21281],[72.91881,19.21318],[72.9193,19.21316],[72.92021,19.21159],[72.92021,19.21008],[72.92072,19.2095],[72.92089,19.20912],[72.92088,19.20872],[72.92103,19.2086],[72.92157,19.20893],[72.92214,19.20903],[72.92239,19.2088],[72.92233,19.20827],[72.92199,19.20776],[72.9213,19.20777],[72.92099,19.20831],[72.92035,19.20868],[72.91875,19.2093],[72.91841,19.21052],[72.9177,19.21139]]]}},{"type":"Feature","properties":{"kind":"scrub"},"geometry":{"type":"Polygon","coordinates":[[[72.9053,19.10885],[72.90546,19.11063],[72.90605,19.11172],[72.90637,19.112],[72.90677,19.11176],[72.90653,19.11087],[72.90689,19.11061],[72.90692,19.11039],[72.90649,19.11009],[72.90614,19.10953],[72.9053,19.10885]]]}},{"type":"Feature","properties":{"kind":"forest"},"geometry":{"type":"Polygon","coordinates":[[[72.90401,19.10506],[72.90423,19.10573],[72.90451,19.10591],[72.90473,19.10583],[72.90476,19.1048],[72.90447,19.10484],[72.90452,19.10523],[72.90438,19.10525],[72.90419,19.10488],[72.90405,19.10487],[72.90401,19.10506]]]}},{"type":"Feature","properties":{"kind":"scrub"},"geometry":{"type":"Polygon","coordinates":[[[72.90347,19.10297],[72.90336,19.10308],[72.904,19.10388],[72.90383,19.10411],[72.90362,19.10411],[72.90401,19.10506],[72.90405,19.10487],[72.90419,19.10488],[72.90438,19.10525],[72.90452,19.10523],[72.90447,19.10484],[72.90476,19.1048],[72.90473,19.10583],[72.90451,19.10591],[72.90423,19.10573],[72.90437,19.10606],[72.90496,19.10642],[72.90529,19.10873],[72.90566,19.10838],[72.90606,19.10919],[72.90622,19.10924],[72.90629,19.10915],[72.90617,19.1089],[72.9057,19.10827],[72.90578,19.10776],[72.90572,19.10751],[72.90549,19.1074],[72.90515,19.10549],[72.90538,19.1055],[72.90577,19.10632],[72.90619,19.10678],[72.90658,19.10697],[72.90688,19.10786],[72.90705,19.10806],[72.9077,19.10826],[72.90776,19.10811],[72.90738,19.10783],[72.90711,19.10798],[72.90687,19.10639],[72.90657,19.10579],[72.90578,19.10536],[72.9056,19.10513],[72.90517,19.10441],[72.90518,19.10398],[72.90479,19.1042],[72.90462,19.1041],[72.90396,19.10344],[72.90387,19.10313],[72.90347,19.10297]]]}},{"type":"Feature","properties":{"kind":"forest"},"geometry":{"type":"Polygon","coordinates":[[[72.90692,19.11039],[72.90709,19.11014],[72.90659,19.11006],[72.90652,19.10966],[72.90725,19.10951],[72.90712,19.10906],[72.90727,19.10862],[72.9074,19.1086],[72.90749,19.1089],[72.90784,19.10903],[72.90812,19.10893],[72.90826,19.10906],[72.90859,19.10901],[72.90866,19.10884],[72.90845,19.10818],[72.90883,19.10774],[72.90855,19.10671],[72.90812,19.10576],[72.90771,19.10346],[72.90735,19.10345],[72.90727,19.10309],[72.90695,19.10276],[72.90696,19.10244],[72.90644,19.10132],[72.90634,19.10192],[72.90587,19.10151],[72.9056,19.102],[72.906,19.10221],[72.90596,19.10233],[72.90571,19.10228],[72.90559,19.10259],[72.90602,19.10412],[72.9056,19.10423],[72.90477,19.10218],[72.90439,19.10295],[72.90387,19.10313],[72.90386,19.10329],[72.90444,19.10398],[72.90479,19.1042],[72.90518,19.10398],[72.90517,19.10441],[72.9056,19.10513],[72.90578,19.10536],[72.90657,19.10579],[72.90687,19.10639],[72.90711,19.10798],[72.90738,19.10783],[72.90776,19.10811],[72.9077,19.10826],[72.90705,19.10806],[72.90688,19.10786],[72.90658,19.10697],[72.90619,19.10678],[72.90577,19.10632],[72.90538,19.1055],[72.90515,19.10549],[72.90549,19.1074],[72.90572,19.10751],[72.90578,19.10776],[72.9057,19.10827],[72.90629,19.10915],[72.90606,19.10919],[72.90566,19.10838],[72.90529,19.10873],[72.9053,19.10885],[72.90614,19.10953],[72.90649,19.11009],[72.90692,19.11039]]]}},{"type":"Feature","properties":{"kind":"wetland"},"geometry":{"type":"Polygon","coordinates":[[[72.81862,19.33123],[72.82078,19.33256],[72.82225,19.33679],[72.82212,19.33698],[72.82158,19.33563],[72.82044,19.33628],[72.81954,19.33627],[72.81818,19.33592],[72.81801,19.33619],[72.81708,19.33605],[72.81748,19.33534],[72.81726,19.33482],[72.8185,19.33432],[72.81878,19.33357],[72.81923,19.33336],[72.81922,19.33294],[72.81877,19.33293],[72.81877,19.33263],[72.81731,19.33265],[72.81665,19.33314],[72.81672,19.3334],[72.81715,19.33359],[72.8172,19.3342],[72.81596,19.33439],[72.81612,19.33525],[72.81566,19.33575],[72.81466,19.33567],[72.81524,19.33541],[72.81545,19.33501],[72.81527,19.33459],[72.81413,19.33473],[72.81414,19.33574],[72.81473,19.33592],[72.81476,19.33646],[72.81442,19.33646],[72.81414,19.33607],[72.81367,19.33612],[72.81358,19.3348],[72.81309,19.33504],[72.81289,19.33628],[72.81267,19.33644],[72.81282,19.33658],[72.81208,19.33729],[72.81178,19.33782],[72.81133,19.33787],[72.8111,19.33726],[72.811,19.33576],[72.81216,19.33576],[72.81244,19.3359],[72.81261,19.33581],[72.81272,19.33497],[72.81343,19.33439],[72.81514,19.33418],[72.81616,19.33386],[72.81676,19.33397],[72.81689,19.33378],[72.81646,19.33319],[72.81605,19.33318],[72.81585,19.33278],[72.81532,19.33289],[72.81511,19.33278],[72.81557,19.33235],[72.81614,19.33267],[72.81654,19.33238],[72.81636,19.33217],[72.81713,19.33207],[72.81757,19.3316],[72.81774,19.33183],[72.81754,19.33213],[72.81994,19.3326],[72.8203,19.3325],[72.81848,19.33139],[72.81862,19.33123]]]}},{"type":"Feature","properties":{"kind":"wetland"},"geometry":{"type":"Polygon","coordinates":[[[72.82546,19.33481],[72.82523,19.335],[72.82498,19.33609],[72.82525,19.33617],[72.82543,19.3361],[72.82583,19.33556],[72.82591,19.33561],[72.82611,19.33528],[72.82546,19.33481]]]}},{"type":"Feature","properties":{"kind":"wetland"},"geometry":{"type":"Polygon","coordinates":[[[72.83674,19.34113],[72.83653,19.34203],[72.83634,19.34203],[72.83614,19.34242],[72.83568,19.3423],[72.83595,19.34147],[72.83518,19.34111],[72.83454,19.34114],[72.83444,19.34206],[72.83422,19.34195],[72.83426,19.34153],[72.83322,19.34091],[72.8335,19.34033],[72.83271,19.33984],[72.83153,19.34001],[72.83137,19.34019],[72.83168,19.34076],[72.83085,19.34097],[72.83087,19.34119],[72.83045,19.3412],[72.83045,19.34107],[72.83065,19.34104],[72.83069,19.34069],[72.82915,19.33985],[72.82721,19.33961],[72.8264,19.33987],[72.82582,19.34075],[72.82545,19.34091],[72.82499,19.34071],[72.82494,19.34031],[72.82459,19.34006],[72.82483,19.33949],[72.82533,19.33965],[72.82544,19.33833],[72.82488,19.33818],[72.82512,19.33731],[72.82627,19.33539],[72.82828,19.33677],[72.83151,19.33868],[72.83448,19.34023],[72.83533,19.34048],[72.83674,19.34113]]]}},{"type":"Feature","properties":{"kind":"wetland"},"geometry":{"type":"Polygon","coordinates":[[[72.81973,19.32937],[72.8193,19.33021],[72.81954,19.33053],[72.81848,19.33094],[72.82094,19.33245],[72.82184,19.335],[72.82342,19.33701],[72.82415,19.33717],[72.82466,19.33625],[72.82459,19.33613],[72.82505,19.33494],[72.82527,19.33467],[72.82491,19.33421],[72.81973,19.32937]]]}},{"type":"Feature","properties":{"kind":"wetland"},"geometry":{"type":"Polygon","coordinates":[[[72.80112,19.33123],[72.8005,19.332],[72.7993,19.33218],[72.79904,19.33244],[72.79786,19.33395],[72.79538,19.33779],[72.79362,19.33939],[72.79291,19.3403],[72.79232,19.34172],[72.79103,19.34178],[72.79066,19.34221],[72.78961,19.34481],[72.78884,19.34753],[72.78861,19.34745],[72.78759,19.34864],[72.78627,19.3481],[72.78777,19.34893],[72.78852,19.34836],[72.78859,19.34855],[72.78756,19.34937],[72.78771,19.34975],[72.7884,19.35015],[72.78946,19.34941],[72.78938,19.34927],[72.78837,19.34998],[72.78788,19.34946],[72.78891,19.34855],[72.78891,19.34829],[72.78924,19.34785],[72.78902,19.34763],[72.78903,19.34747],[72.78931,19.3475],[72.7894,19.34655],[72.79091,19.34234],[72.79138,19.34209],[72.79236,19.34203],[72.79265,19.34188],[72.79289,19.34197],[72.79295,19.34226],[72.79372,19.34309],[72.79389,19.34289],[72.79346,19.34244],[72.79349,19.34218],[72.7947,19.34218],[72.79476,19.3416],[72.79339,19.34136],[72.79284,19.34105],[72.79354,19.34131],[72.79525,19.34162],[72.7985,19.34178],[72.79875,19.34197],[72.7989,19.34193],[72.79889,19.34168],[72.79499,19.34149],[72.79368,19.34127],[72.7929,19.34095],[72.79315,19.34069],[72.79336,19.34072],[72.79355,19.34103],[72.79399,19.34106],[72.79498,19.33986],[72.79595,19.3413],[72.79827,19.34141],[72.79859,19.34029],[72.8006,19.34077],[72.80085,19.3395],[72.80147,19.33834],[72.80098,19.33824],[72.80104,19.33779],[72.79973,19.33753],[72.79886,19.33714],[72.79985,19.3349],[72.80036,19.33448],[72.80175,19.33467],[72.8019,19.33337],[72.80292,19.33323],[72.80282,19.33304],[72.80158,19.33296],[72.80141,19.33265],[72.80178,19.33188],[72.80258,19.33109],[72.80271,19.3304],[72.80233,19.32988],[72.80143,19.33073],[72.80112,19.33123]]]}},{"type":"Feature","properties":{"kind":"wetland"},"geometry":{"type":"Polygon","coordinates":[[[72.80571,19.32983],[72.8076,19.32945],[72.80766,19.32959],[72.80833,19.32944],[72.80659,19.3309],[72.80556,19.33138],[72.80451,19.33137],[72.80425,19.33104],[72.80454,19.33049],[72.8054,19.3306],[72.80571,19.32983]]]}},{"type":"Feature","properties":{"kind":"forest"},"geometry":{"type":"Polygon","coordinates":[[[72.88571,19.11326],[72.88597,19.11327],[72.88612,19.11363],[72.88668,19.11392],[72.88672,19.11447],[72.8865,19.11486],[72.88609,19.11488],[72.88603,19.1141],[72.88571,19.11326]]]}},{"type":"Feature","properties":{"kind":"farmland"},"geometry":{"type":"Polygon","coordinates":[[[72.86174,19.09073],[72.86149,19.09059],[72.85951,19.09065],[72.85955,19.09099],[72.85975,19.09128],[72.85998,19.09133],[72.86024,19.09129],[72.8608,19.09079],[72.86174,19.09073]]]}},{"type":"Feature","properties":{"kind":"forest"},"geometry":{"type":"Polygon","coordinates":[[[72.88253,19.15892],[72.88435,19.15931],[72.88434,19.15944],[72.88405,19.15963],[72.88401,19.1611],[72.88387,19.16113],[72.88347,19.16071],[72.88356,19.16051],[72.88348,19.16023],[72.88266,19.15919],[72.88247,19.15914],[72.88253,19.15892]]]}},{"type":"Feature","properties":{"kind":"forest"},"geometry":{"type":"Polygon","coordinates":[[[72.87164,19.16223],[72.87123,19.16279],[72.87174,19.16253],[72.87195,19.16255],[72.87303,19.16337],[72.87255,19.16275],[72.87245,19.16206],[72.87292,19.16173],[72.87358,19.1619],[72.87388,19.16222],[72.8739,19.16255],[72.87364,19.16281],[72.87356,19.16319],[72.87356,19.16352],[72.87378,19.16357],[72.87467,19.16351],[72.87468,19.16317],[72.87553,19.16276],[72.87588,19.16245],[72.87544,19.16191],[72.87439,19.16158],[72.87319,19.16095],[72.87305,19.16095],[72.87228,19.16173],[72.87186,19.1619],[72.87164,19.16223]]]}},{"type":"Feature","properties":{"kind":"wetland"},"geometry":{"type":"Polygon","coordinates":[[[72.92296,19.07549],[72.92237,19.07619],[72.92234,19.07696],[72.9229,19.07793],[72.92343,19.07844],[72.92462,19.07914],[72.92521,19.07985],[72.92412,19.08067],[72.92354,19.08003],[72.92185,19.08123],[72.92238,19.08197],[72.92142,19.0827],[72.92101,19.08356],[72.91768,19.07975],[72.91818,19.07928],[72.91801,19.07851],[72.91814,19.07791],[72.91841,19.07737],[72.91916,19.07658],[72.92063,19.07568],[72.92168,19.07523],[72.92242,19.07526],[72.92296,19.07549]]]}}]}